region,province,city,program,gender,status,metric   
CAR,ABRA,DOLORES,ACP,MALE,GRADUATED,20795
CAR,BENGUET,TUBA,DDE,MALE,-,5860
CAR,BENGUET,BAGUIO CITY,DDE,MALE,-,81820
CAR,BENGUET,KIBUNGAN,DDE,MALE,-,59886
CAR,BENGUET,BAGUIO CITY,DDE,MALE,-,11265
CAR,BENGUET,BAGUIO CITY,DDE,MALE,-,87386
CAR,BENGUET,BAGUIO CITY,DDE,MALE,-,42194
CAR,BENGUET,LA TRINIDAD,DDE,MALE,-,92498
CAR,BENGUET,BUGUIAS,DDE,MALE,-,49131
CAR,ABRA,BANGUED,DDE,MALE,-,65263
CAR,BENGUET,BAGUIO CITY,DDE,MALE,-,21023
CAR,BENGUET,BAGUIO CITY,DDE,MALE,-,46090
CAR,BENGUET,BAGUIO CITY,DDE,MALE,-,72221
CAR,BENGUET,BAGUIO CITY,DDE,MALE,-,69820
CAR,ABRA,DOLORES,OPD,MALE,GRADUATED,5769
CAR,BENGUET,BAGUIO CITY,OPD,MALE,GRADUATED,64735
CAR,BENGUET,BAGUIO CITY,RES,FEMALE,ONGOING,67955
CAR,BENGUET,BAGUIO CITY,RES,FEMALE,ONGOING,69925
CAR,BENGUET,BAGUIO CITY,RES,FEMALE,ONGOING,72969
CAR,BENGUET,BAGUIO CITY,RES,FEMALE,ONGOING,10311
CAR,ABRA,BANGUED,RES,MALE,ONGOING,88104
CAR,BENGUET,BAGUIO CITY,RES,MALE,ONGOING,58707
CAR,BENGUET,BAGUIO CITY,RES,MALE,ONGOING,90305
CAR,BENGUET,BAGUIO CITY,RES,MALE,ONGOING,33693
CAR,BENGUET,BAGUIO CITY,RES,MALE,ONGOING,76932
CAR,Benguet,La Trinidad,ACP,MALE,GRADUATED,98016
CAR,BENGUET,BAGUIO CITY,ACP,MALE,GRADUATED,30658
CAR,BENGUET,BAGUIO CITY,ACP,MALE,ON-GOING,89478
CAR,BENGUET,ITOGON,MEDDETOX,MALE,-,23431
CAR,BENGUET,BENGUET,MEDDETOX,MALE,-,7747
CAR,BENGUET,ITOGON,MEDDETOX,MALE,-,64150
CAR,BENGUET,BAGUIO CITY,MEDDETOX,MALE,-,70725
CAR,ABRA,LICUAN-BAAY (LICUAN),MEDDETOX,MALE,-,89654
CAR,ABRA,LICUAN-BAAY (LICUAN),MEDDETOX,MALE,-,40773
CAR,BENGUET,LA TRINIDAD,MEDDETOX,MALE,-,72435
CAR,BENGUET,BAGUIO CITY,MEDDETOX,MALE,-,61886
CAR,BENGUET,BENGUET,ABI,MALE,-,71803
CAR,BENGUET,ITOGON,ABI,MALE,-,36551
CAR,ABRA,LICUAN-BAAY (LICUAN),ABI,MALE,-,16394
REGION IV-A,CAVITE,CITY OF DASMARIÑAS,DDE,MALE,-,74092
NCR,MANILA,CITY OF MAKATI,DDE,FEMALE,-,8890
NCR,NCR,CALOOCAN CITY,DDE,MALE,-,46606
NCR,NCR,CALOOCAN CITY,DDE,FEMALE,-,85038
NCR,NCR,MANILA,DDE,FEMALE,-,92313
NCR,PASAY CITY,NAIA,DDE,MALE,-,15627
NCR,THIRD DISTRICT,CALOOCAN CITY,DDE,FEMALE,-,13792
NCR,NCR,CITY OF MAKATI,DDE,FEMALE,-,78969
NCR,MANILA,PASIG CITY,OPD,MALE,GRADUATED,48001
NCR,NCR,CITY OF MAKATI,RES,FEMALE,GRADUATED,81552
NCR,CALOOCAN CITY,CALOOCAN CITY,RES,FEMALE,GRADUATED,28897
NCR,NCR,CITY OF MAKATI,ACP,FEMALE,TERMINATED,73148
NCR,THIRD DISTRICT,CALOOCAN CITY,ACP,FEMALE,ON-GOING,28483
NCR,CALOOCAN CITY,CALOOCAN CITY,MEDDETOX,FEMALE,-,53555
REGION I,PANGASINAN,BINALONAN,DDE,MALE,-,22159
REGION I,LA UNION,BANGAR,DDE,MALE,-,85077
REGION I,LA UNION,CABA,DDE,MALE,-,40920
REGION I,LA UNION,NAGUILIAN,DDE,MALE,-,97067
REGION I,LA UNION,SAN JUAN,DDE,MALE,-,72121
REGION I,LA UNION,BAUANG,DDE,MALE,-,74479
REGION I,LA UNION,BACNOTAN,DDE,FEMALE,-,94475
REGION I,LA UNION,BAUANG,DDE,MALE,-,24457
REGION I,LA UNION,AGOO,DDE,MALE,-,71557
REGION I,LA UNION,AGOO,DDE,MALE,-,82189
REGION I,LA UNION,BAUANG,DDE,MALE,-,83953
REGION I,LA UNION,SAN JUAN,DDE,FEMALE,-,57995
REGION I,PANGASINAN,CITY OF ALAMINOS,DDE,MALE,-,45757
REGION I,LA UNION,SAN FERNANDO CITY,DDE,MALE,-,14692
REGION I,LA UNION,SAN FERNANDO CITY,DDE,MALE,-,50758
REGION I,LA UNION,SANTO TOMAS,DDE,MALE,-,77409
REGION I,LA UNION,SAN FERNANDO CITY,DDE,MALE,-,76211
REGION I,LA UNION,AGOO,DDE,FEMALE,-,70697
REGION I,LA UNION,SAN JUAN,DDE,MALE,-,42065
REGION I,LA UNION,SAN FERNANDO CITY,DDE,MALE,-,97093
REGION I,LA UNION,LUNA,DDE,MALE,-,37606
REGION I,LA UNION,SAN JUAN,DDE,MALE,-,16534
REGION I,LA UNION,SAN FERNANDO CITY,DDE,MALE,-,99663
REGION I,LA UNION,SAN FERNANDO CITY,DDE,FEMALE,-,45397
REGION I,LA UNION,BAUANG,DDE,MALE,-,96387
REGION I,LA UNION,SAN FERNANDO CITY,DDE,MALE,-,6016
REGION I,LA UNION,ROSARIO,DDE,MALE,-,94789
REGION I,LA UNION,BACNOTAN,DDE,MALE,-,60591
REGION I,LA UNION,AGOO,DDE,MALE,-,94812
REGION I,PANGASINAN,BAYAMBANG,DDE,MALE,-,28247
REGION I,PANGASINAN,BAYAMBANG,DDE,MALE,-,29300
REGION I,LA UNION,SAN FERNANDO CITY,DDE,MALE,-,79065
REGION I,LA UNION,SAN FERNANDO CITY,DDE,MALE,-,87798
REGION I,LA UNION,SAN JUAN,DDE,MALE,-,14268
REGION I,LA UNION,SAN FERNANDO CITY,DDE,MALE,-,91807
REGION I,LA UNION,BAUANG,DDE,MALE,-,17185
REGION I,ILOCOS NORTE,SOLSONA,DDE,MALE,-,68704
REGION I,LA UNION,SAN FERNANDO CITY,DDE,MALE,-,91779
REGION I,LA UNION,SAN FERNANDO CITY,DDE,MALE,-,44099
REGION I,LA UNION,SAN FERNANDO CITY,DDE,MALE,-,13571
REGION I,LA UNION,SAN FERNANDO CITY,DDE,MALE,-,43044
REGION I,LA UNION,BAUANG,DDE,MALE,-,56214
REGION I,LA UNION,AGOO,DDE,MALE,-,66228
REGION I,LA UNION,SAN JUAN,DDE,MALE,-,53984
REGION I,LA UNION,SAN JUAN,DDE,MALE,-,45774
REGION I,LA UNION,SAN JUAN,DDE,MALE,-,7568
REGION I,LA UNION,BANGAR,DDE,MALE,-,67592
REGION I,LA UNION,SAN FERNANDO CITY,DDE,MALE,-,72563
REGION I,LA UNION,SAN FERNANDO CITY,DDE,MALE,-,7695
REGION I,LA UNION,SAN FERNANDO CITY,DDE,MALE,-,53190
REGION I,LA UNION,SAN GABRIEL,DDE,MALE,-,10258
REGION I,LA UNION,SAN FERNANDO CITY,DDE,MALE,-,92538
REGION I,LA UNION,AGOO,DDE,MALE,-,44504
REGION I,LA UNION,ARINGAY,DDE,MALE,-,38159
REGION I,LA UNION,ROSARIO,DDE,MALE,-,18986
REGION I,LA UNION,ARINGAY,DDE,MALE,-,66858
REGION I,LA UNION,SAN JUAN,DDE,MALE,-,17666
REGION I,LA UNION,BAUANG,DDE,MALE,-,43660
REGION I,LA UNION,LUNA,DDE,MALE,-,8561
REGION I,LA UNION,BALAOAN,DDE,MALE,-,31854
REGION I,LA UNION,SAN FERNANDO CITY,DDE,MALE,-,69505
REGION I,LA UNION,AGOO,DDE,MALE,-,57251
REGION I,LA UNION,BAUANG,DDE,MALE,-,27662
REGION I,LA UNION,BANGAR,DDE,MALE,-,13392
REGION I,LA UNION,BANGAR,DDE,MALE,-,35535
REGION I,LA UNION,LUNA,DDE,MALE,-,83603
REGION I,LA UNION,AGOO,DDE,MALE,-,57256
REGION I,LA UNION,ARINGAY,DDE,MALE,-,94135
REGION I,LA UNION,AGOO,DDE,MALE,-,40222
REGION I,ILOCOS SUR,SANTA CATALINA,DDE,MALE,-,82373
REGION I,LA UNION,TUBAO,DDE,MALE,-,84575
REGION I,LA UNION,SAN JUAN,DDE,MALE,-,89651
REGION I,LA UNION,NAGUILIAN,DDE,MALE,-,68335
REGION I,LA UNION,SANTO TOMAS,DDE,MALE,-,15965
REGION I,LA UNION,SANTO TOMAS,DDE,MALE,-,29538
REGION I,LA UNION,SAN JUAN,DDE,MALE,-,75592
REGION I,LA UNION,BAUANG,DDE,MALE,-,13110
REGION I,LA UNION,SANTO TOMAS,DDE,MALE,-,84309
REGION I,LA UNION,ROSARIO,DDE,MALE,-,32266
REGION I,LA UNION,AGOO,DDE,MALE,-,57992
REGION I,LA UNION,BAUANG,DDE,MALE,-,87948
REGION I,LA UNION,AGOO,DDE,MALE,-,11910
REGION I,LA UNION,BAUANG,DDE,MALE,-,95982
REGION I,LA UNION,BAUANG,DDE,MALE,-,5206
REGION I,LA UNION,ROSARIO,DDE,MALE,-,92054
REGION I,LA UNION,ARINGAY,DDE,MALE,-,92897
REGION I,LA UNION,CABA,DDE,MALE,-,28419
REGION I,LA UNION,TUBAO,DDE,FEMALE,-,55636
REGION I,LA UNION,BANGAR,DDE,MALE,-,55015
REGION I,LA UNION,AGOO,DDE,MALE,-,59268
REGION I,LA UNION,AGOO,DDE,MALE,-,92939
REGION I,LA UNION,BAUANG,DDE,MALE,-,23141
REGION I,LA UNION,ROSARIO,DDE,MALE,-,85356
REGION I,LA UNION,SAN FERNANDO CITY,DDE,MALE,-,76910
REGION I,LA UNION,SAN JUAN,DDE,MALE,-,61044
REGION I,LA UNION,SAN FERNANDO CITY,DDE,MALE,-,72214
REGION I,LA UNION,SAN FERNANDO CITY,DDE,MALE,-,38827
REGION I,LA UNION,SAN FERNANDO CITY,DDE,MALE,-,60820
REGION I,LA UNION,NAGUILIAN,DDE,MALE,-,67623
REGION I,LA UNION,SAN FERNANDO CITY,DDE,MALE,-,86734
REGION I,LA UNION,BAUANG,DDE,FEMALE,-,80450
REGION I,LA UNION,SAN FERNANDO CITY,DDE,FEMALE,-,98426
REGION I,LA UNION,ARINGAY,DDE,MALE,-,27299
REGION I,LA UNION,AGOO,DDE,FEMALE,-,48585
REGION I,LA UNION,SANTO TOMAS,DDE,MALE,-,69044
REGION I,LA UNION,SAN FERNANDO CITY,DDE,MALE,-,47557
REGION I,LA UNION,BALAOAN,DDE,MALE,-,54080
REGION I,LA UNION,SAN FERNANDO CITY,DDE,MALE,-,7693
REGION I,LA UNION,SAN FERNANDO CITY,DDE,MALE,-,74163
REGION I,LA UNION,SAN FERNANDO CITY,DDE,MALE,-,30939
REGION I,LA UNION,SAN FERNANDO CITY,DDE,MALE,-,53925
REGION I,LA UNION,BAUANG,DDE,MALE,-,47941
REGION I,LA UNION,BAUANG,DDE,FEMALE,-,26834
REGION I,LA UNION,CABA,DDE,MALE,-,23047
REGION I,LA UNION,SAN FERNANDO CITY,DDE,FEMALE,-,31105
REGION I,LA UNION,SAN FERNANDO CITY,DDE,FEMALE,-,80766
REGION I,LA UNION,SAN FERNANDO CITY,DDE,MALE,-,20707
REGION I,LA UNION,BAUANG,DDE,MALE,-,26976
REGION I,LA UNION,BAUANG,DDE,MALE,-,49262
REGION I,LA UNION,AGOO,DDE,MALE,-,28776
REGION I,LA UNION,ARINGAY,DDE,MALE,-,35080
REGION I,LA UNION,NAGUILIAN,DDE,MALE,-,71842
REGION I,LA UNION,SAN FERNANDO CITY,DDE,MALE,-,66373
REGION I,LA UNION,SAN FERNANDO CITY,DDE,MALE,-,11776
REGION I,LA UNION,BAUANG,DDE,MALE,-,97787
REGION I,LA UNION,SAN JUAN,DDE,MALE,-,60016
REGION I,LA UNION,SAN FERNANDO CITY,DDE,MALE,-,14474
REGION I,LA UNION,SAN FERNANDO CITY,DDE,FEMALE,-,63053
REGION I,LA UNION,SAN FERNANDO CITY,DDE,FEMALE,-,26959
REGION I,LA UNION,BAUANG,DDE,MALE,-,10530
REGION I,LA UNION,BAUANG,DDE,MALE,-,99856
REGION I,LA UNION,SAN FERNANDO CITY,DDE,FEMALE,-,8748
REGION I,LA UNION,CABA,DDE,MALE,-,18545
REGION I,LA UNION,SAN FERNANDO CITY,DDE,MALE,-,71199
REGION I,LA UNION,BAUANG,DDE,MALE,-,39766
REGION I,LA UNION,BAUANG,DDE,MALE,-,78530
REGION I,LA UNION,BAUANG,DDE,FEMALE,-,98557
REGION I,LA UNION,BACNOTAN,DDE,MALE,-,66087
REGION I,LA UNION,SAN FERNANDO CITY,DDE,MALE,-,73840
REGION I,LA UNION,BAUANG,DDE,MALE,-,59384
REGION I,LA UNION,BAUANG,DDE,MALE,-,56005
REGION I,LA UNION,BAUANG,DDE,MALE,-,51576
REGION I,LA UNION,SANTO TOMAS,DDE,FEMALE,-,44353
REGION I,LA UNION,SAN FERNANDO CITY,DDE,MALE,-,67003
REGION I,LA UNION,BAUANG,DDE,MALE,-,88211
REGION I,LA UNION,SAN FERNANDO CITY,DDE,MALE,-,57733
REGION I,LA UNION,AGOO,DDE,MALE,-,70318
REGION I,LA UNION,SANTO TOMAS,DDE,MALE,-,94474
REGION I,LA UNION,SAN FERNANDO CITY,DDE,MALE,-,28664
REGION I,LA UNION,SAN FERNANDO CITY,DDE,MALE,-,72172
REGION I,LA UNION,SAN FERNANDO CITY,DDE,MALE,-,90616
REGION I,LA UNION,SAN FERNANDO CITY,DDE,MALE,-,98264
REGION I,LA UNION,BAUANG,DDE,MALE,-,31736
REGION I,LA UNION,SAN JUAN,DDE,MALE,-,99209
REGION I,LA UNION,SAN FERNANDO CITY,DDE,MALE,-,5854
REGION I,LA UNION,ARINGAY,DDE,MALE,-,95084
REGION I,LA UNION,BALAOAN,DDE,MALE,-,43623
REGION I,LA UNION,AGOO,DDE,MALE,-,12392
REGION I,LA UNION,ROSARIO,DDE,MALE,-,60680
REGION I,LA UNION,SAN FERNANDO CITY,DDE,MALE,-,51717
REGION I,LA UNION,BALAOAN,DDE,MALE,-,92092
REGION I,LA UNION,SAN FERNANDO CITY,DDE,MALE,-,55859
REGION I,LA UNION,AGOO,DDE,MALE,-,31309
REGION I,ILOCOS SUR,SANTA CATALINA,DDE,MALE,-,92455
REGION I,LA UNION,BAUANG,DDE,MALE,-,68734
REGION I,LA UNION,SAN FERNANDO CITY,DDE,MALE,-,75467
REGION I,LA UNION,SAN FERNANDO CITY,DDE,MALE,-,57662
REGION I,LA UNION,SAN FERNANDO CITY,DDE,MALE,-,17688
REGION I,LA UNION,BALAOAN,DDE,MALE,-,30342
REGION I,LA UNION,SAN JUAN,DDE,MALE,-,42157
REGION I,LA UNION,SAN FERNANDO CITY,DDE,MALE,-,72863
REGION I,PANGASINAN,UMINGAN,DDE,MALE,-,57083
REGION I,LA UNION,AGOO,DDE,MALE,-,70733
REGION I,LA UNION,AGOO,DDE,MALE,-,94045
REGION I,LA UNION,BAUANG,DDE,MALE,-,39698
REGION I,LA UNION,SAN FERNANDO CITY,DDE,MALE,-,85623
REGION I,LA UNION,SAN FERNANDO CITY,DDE,MALE,-,27671
REGION I,LA UNION,SANTO TOMAS,DDE,FEMALE,-,30184
REGION I,LA UNION,SAN FERNANDO CITY,DDE,MALE,-,98384
REGION I,LA UNION,SAN FERNANDO CITY,DDE,MALE,-,47107
REGION I,LA UNION,NAGUILIAN,DDE,MALE,-,91202
REGION I,LA UNION,BANGAR,DDE,MALE,-,56663
REGION I,LA UNION,SAN FERNANDO CITY,DDE,MALE,-,20708
REGION I,LA UNION,BAUANG,DDE,MALE,-,96906
REGION I,LA UNION,SAN JUAN,DDE,MALE,-,54811
REGION I,LA UNION,SAN FERNANDO CITY,DDE,MALE,-,7811
REGION I,LA UNION,SAN FERNANDO CITY,DDE,MALE,-,61250
REGION I,ILOCOS SUR,NARVACAN,DDE,MALE,-,77082
REGION I,ILOCOS SUR,NARVACAN,DDE,MALE,-,39754
REGION I,ILOCOS SUR,NARVACAN,DDE,MALE,-,16411
REGION I,ILOCOS SUR,NARVACAN,DDE,MALE,-,7911
REGION I,ILOCOS SUR,NARVACAN,DDE,MALE,-,72270
REGION I,ILOCOS SUR,NARVACAN,DDE,MALE,-,88763
REGION I,ILOCOS SUR,NARVACAN,DDE,MALE,-,13680
REGION I,ILOCOS SUR,NARVACAN,DDE,MALE,-,89896
REGION I,ILOCOS SUR,NARVACAN,DDE,MALE,-,88879
REGION I,ILOCOS SUR,NARVACAN,DDE,MALE,-,76295
REGION I,ILOCOS SUR,NARVACAN,DDE,MALE,-,93614
REGION I,ILOCOS SUR,SANTA CATALINA,DDE,MALE,-,16111
REGION I,ILOCOS SUR,SANTA CATALINA,DDE,MALE,-,42504
REGION I,LA UNION,BAUANG,DDE,MALE,-,6802
REGION I,LA UNION,SAN FERNANDO CITY,DDE,MALE,-,13155
REGION I,LA UNION,SANTO TOMAS,DDE,MALE,-,78656
REGION I,LA UNION,AGOO,DDE,MALE,-,44384
REGION I,LA UNION,AGOO,DDE,MALE,-,52254
REGION I,LA UNION,ROSARIO,DDE,FEMALE,-,26918
REGION I,LA UNION,SAN FERNANDO CITY,DDE,MALE,-,90981
REGION I,LA UNION,LUNA,DDE,MALE,-,65713
REGION I,LA UNION,CITY OF SAN FERNANDO,DDE,MALE,-,35306
REGION I,LA UNION,CITY OF SAN FERNANDO,DDE,MALE,-,21646
REGION I,LA UNION,PUGO,DDE,MALE,-,51843
REGION I,LA UNION,AGOO,DDE,MALE,-,95735
REGION I,LA UNION,SAN FERNANDO CITY,DDE,MALE,-,21371
REGION I,LA UNION,BAUANG,DDE,MALE,-,82371
REGION I,LA UNION,SAN FERNANDO CITY,DDE,FEMALE,-,7049
REGION I,LA UNION,SAN GABRIEL,DDE,MALE,-,36616
REGION I,ILOCOS SUR,NARVACAN,DDE,MALE,-,25932
REGION I,ILOCOS SUR,NARVACAN,DDE,MALE,-,34855
REGION I,ILOCOS SUR,NARVACAN,DDE,MALE,-,66434
REGION I,ILOCOS SUR,NARVACAN,DDE,MALE,-,77694
REGION I,ILOCOS SUR,NARVACAN,DDE,MALE,-,48016
REGION I,ILOCOS SUR,NARVACAN,DDE,MALE,-,12400
REGION I,LA UNION,SAN FERNANDO CITY,DDE,FEMALE,-,47642
REGION I,LA UNION,AGOO,DDE,MALE,-,20151
REGION I,LA UNION,SAN FERNANDO CITY,DDE,MALE,-,56407
REGION I,LA UNION,SAN FERNANDO CITY,DDE,FEMALE,-,71690
REGION I,PANGASINAN,BAYAMBANG,DDE,MALE,-,9499
REGION I,ILOCOS SUR,CITY OF VIGAN,DDE,MALE,-,11295
REGION I,LA UNION,AGOO,DDE,FEMALE,-,64040
REGION I,LA UNION,CABA,DDE,MALE,-,17183
REGION I,LA UNION,SAN GABRIEL,DDE,MALE,-,34299
REGION I,LA UNION,SAN FERNANDO CITY,DDE,MALE,-,17874
REGION I,LA UNION,BAUANG,DDE,MALE,-,37711
REGION I,LA UNION,SAN FERNANDO CITY,DDE,MALE,-,10539
REGION I,LA UNION,SAN FERNANDO CITY,DDE,MALE,-,58351
REGION I,LA UNION,AGOO,DDE,MALE,-,66267
REGION I,ILOCOS SUR,SAN EMILIO,DDE,MALE,-,53354
REGION I,LA UNION,AGOO,DDE,MALE,-,7557
REGION I,LA UNION,AGOO,DDE,MALE,-,43360
REGION I,LA UNION,ROSARIO,DDE,MALE,-,87018
REGION I,LA UNION,SAN FERNANDO CITY,DDE,MALE,-,7200
REGION I,LA UNION,SAN FERNANDO CITY,DDE,MALE,-,73497
REGION I,LA UNION,SAN FERNANDO CITY,DDE,MALE,-,51975
REGION I,LA UNION,SAN FERNANDO CITY,DDE,MALE,-,26357
REGION I,LA UNION,BAUANG,DDE,MALE,-,82505
REGION I,PANGASINAN,DAGUPAN CITY,DDE,MALE,-,7869
REGION I,LA UNION,SAN FERNANDO CITY,DDE,MALE,-,66135
REGION I,PANGASINAN,DAGUPAN CITY,DDE,FEMALE,-,55108
REGION I,ILOCOS SUR,SANTA CRUZ,DDE,MALE,-,99179
REGION I,ILOCOS SUR,CITY OF CANDON,DDE,MALE,-,95272
REGION I,LA UNION,SAN FERNANDO CITY,DDE,MALE,-,43467
REGION I,ILOCOS SUR,SANTA CATALINA,DDE,FEMALE,-,28328
REGION I,ILOCOS SUR,SANTA CATALINA,DDE,MALE,-,96412
REGION I,ILOCOS SUR,SANTA CATALINA,DDE,MALE,-,91831
REGION I,ILOCOS SUR,SANTA CATALINA,DDE,MALE,-,8987
REGION I,LA UNION,BALAOAN,DDE,MALE,-,63871
REGION I,LA UNION,SAN FERNANDO CITY,DDE,MALE,-,27399
REGION I,LA UNION,ROSARIO,DDE,MALE,-,51214
REGION I,LA UNION,SAN FERNANDO CITY,DDE,MALE,-,91416
REGION I,LA UNION,AGOO,DDE,MALE,-,75271
REGION I,LA UNION,AGOO,DDE,FEMALE,-,49064
REGION I,LA UNION,CABA,DDE,MALE,-,75091
REGION I,LA UNION,CABA,DDE,MALE,-,45818
REGION I,LA UNION,ARINGAY,DDE,MALE,-,50525
REGION I,LA UNION,BAUANG,DDE,MALE,-,24830
REGION I,LA UNION,BACNOTAN,DDE,MALE,-,22429
REGION I,LA UNION,BACNOTAN,DDE,MALE,-,11893
REGION I,LA UNION,BAUANG,DDE,MALE,-,84909
REGION I,LA UNION,BAUANG,DDE,MALE,-,52333
REGION I,LA UNION,BAUANG,DDE,MALE,-,8436
REGION I,LA UNION,SAN FERNANDO CITY,DDE,MALE,-,79290
REGION I,LA UNION,SAN FERNANDO CITY,DDE,MALE,-,81213
REGION I,LA UNION,AGOO,DDE,MALE,-,10895
REGION I,LA UNION,AGOO,DDE,MALE,-,24738
REGION I,LA UNION,BACNOTAN,DDE,MALE,-,35746
REGION I,ILOCOS SUR,SANTA CRUZ,DDE,MALE,-,54377
REGION I,ILOCOS SUR,SANTA CRUZ,DDE,MALE,-,53404
REGION I,ILOCOS SUR,SINAIT,DDE,MALE,-,59045
REGION I,LA UNION,SAN FERNANDO CITY,DDE,MALE,-,44790
REGION I,LA UNION,SAN FERNANDO CITY,DDE,MALE,-,10600
REGION I,LA UNION,BALAOAN,DDE,MALE,-,99660
REGION I,LA UNION,BALAOAN,DDE,MALE,-,98179
REGION I,LA UNION,BAUANG,DDE,MALE,-,45764
REGION I,LA UNION,BAUANG,DDE,FEMALE,-,79543
REGION I,LA UNION,SAN FERNANDO CITY,DDE,MALE,-,50714
REGION I,LA UNION,NAGUILIAN,DDE,MALE,-,61835
REGION I,LA UNION,SAN FERNANDO CITY,DDE,MALE,-,78744
REGION I,LA UNION,SAN FERNANDO CITY,DDE,MALE,-,61491
REGION I,LA UNION,BALAOAN,DDE,MALE,-,23589
REGION I,ILOCOS SUR,BANAYOYO,DDE,MALE,-,48484
REGION I,ILOCOS SUR,SANTA CRUZ,DDE,MALE,-,87989
REGION I,LA UNION,AGOO,DDE,MALE,-,41212
REGION I,LA UNION,AGOO,DDE,MALE,-,48525
REGION I,LA UNION,AGOO,DDE,MALE,-,52202
REGION I,LA UNION,SAN FERNANDO CITY,DDE,MALE,-,37635
REGION I,LA UNION,SAN FERNANDO CITY,DDE,MALE,-,68208
REGION I,LA UNION,SAN FERNANDO CITY,DDE,MALE,-,38828
REGION I,LA UNION,SAN FERNANDO CITY,DDE,MALE,-,23711
REGION I,LA UNION,SAN FERNANDO CITY,DDE,MALE,-,8420
REGION I,LA UNION,SAN FERNANDO CITY,DDE,MALE,-,5301
REGION I,LA UNION,BACNOTAN,DDE,MALE,-,50236
REGION I,ILOCOS SUR,SANTA CRUZ,DDE,MALE,-,71235
REGION I,ILOCOS SUR,SANTA CRUZ,DDE,MALE,-,59240
REGION I,ILOCOS SUR,SANTA CRUZ,DDE,MALE,-,70726
REGION I,LA UNION,BACNOTAN,DDE,MALE,-,15492
REGION I,LA UNION,AGOO,DDE,MALE,-,11102
REGION I,LA UNION,SAN FERNANDO CITY,DDE,MALE,-,55336
REGION I,LA UNION,BANGAR,DDE,MALE,-,90314
REGION I,ILOCOS SUR,STO. DOMINGO,DDE,MALE,-,31641
REGION I,LA UNION,BAUANG,DDE,MALE,-,39584
REGION I,PANGASINAN,VILLASIS,DDE,MALE,-,37745
REGION I,LA UNION,SAN JUAN,DDE,MALE,-,28093
REGION I,ILOCOS NORTE,BACARRA,DDE,MALE,-,71105
REGION I,LA UNION,CABA,DDE,MALE,-,56885
REGION I,LA UNION,BAUANG,DDE,MALE,-,41631
REGION I,LA UNION,"CITY,",DDE,MALE,-,77991
REGION I,LA UNION,LUNA,DDE,FEMALE,-,9014
REGION I,LA UNION,ROSARIO,DDE,MALE,-,16093
REGION I,PANGASINAN,SAN FABIAN,DDE,MALE,-,23070
REGION I,LA UNION,SAN GABRIEL,DDE,MALE,-,40777
REGION I,PANGASINAN,SAN FABIAN,DDE,MALE,-,61958
REGION I,PANGASINAN,SAN FABIAN,DDE,MALE,-,87074
REGION I,PANGASINAN,SAN FABIAN,DDE,MALE,-,15729
REGION I,PANGASINAN,SAN FABIAN,DDE,MALE,-,50017
REGION I,LA UNION,NAGUILIAN,DDE,MALE,-,71320
REGION I,LA UNION,BAUANG,DDE,MALE,-,32751
REGION I,LA UNION,PUGO,DDE,FEMALE,-,83069
REGION I,LA UNION,ROSARIO,DDE,MALE,-,59748
REGION I,LA UNION,BALAOAN,DDE,MALE,-,10801
REGION I,LA UNION,SAN FERNANDO CITY,DDE,MALE,-,24190
REGION I,LA UNION,SAN FERNANDO CITY,DDE,FEMALE,-,54689
REGION I,LA UNION,SAN FERNANDO CITY,DDE,MALE,-,55993
REGION I,LA UNION,ARINGAY,DDE,MALE,-,34592
REGION I,LA UNION,TUBAO,DDE,MALE,-,15647
REGION I,LA UNION,SAN FERNANDO CITY,DDE,MALE,-,13716
REGION I,LA UNION,SAN FERNANDO CITY,DDE,MALE,-,93891
REGION I,LA UNION,SAN FERNANDO CITY,DDE,FEMALE,-,92545
REGION I,LA UNION,BALAOAN,DDE,MALE,-,94912
REGION I,LA UNION,BAUANG,DDE,MALE,-,75316
REGION I,LA UNION,SAN FERNANDO CITY,DDE,MALE,-,7368
REGION I,LA UNION,SAN JUAN,DDE,MALE,-,82575
REGION I,ILOCOS SUR,SANTA LUCIA,DDE,MALE,-,11655
REGION I,LA UNION,ARINGAY,DDE,MALE,-,75031
REGION I,LA UNION,BAUANG,DDE,MALE,-,81429
REGION I,LA UNION,SAN FERNANDO CITY,DDE,MALE,-,96083
REGION I,LA UNION,NAGUILIAN,DDE,MALE,-,92922
REGION I,LA UNION,SAN FERNANDO CITY,DDE,MALE,-,60766
REGION I,LA UNION,SAN FERNANDO CITY,DDE,MALE,-,18403
REGION I,PANGASINAN,CITY OF URDANETA,DDE,MALE,-,37097
REGION I,ILOCOS SUR,TAGUDIN,DDE,MALE,-,83657
REGION I,PANGASINAN,MANGALDAN,DDE,MALE,-,15966
REGION I,LA UNION,BAUANG,DDE,MALE,-,98848
REGION I,LA UNION,SAN FERNANDO CITY,DDE,MALE,-,57921
REGION I,LA UNION,SAN JUAN,DDE,MALE,-,54726
REGION I,LA UNION,SAN FERNANDO CITY,DDE,MALE,-,55300
REGION I,LA UNION,BAUANG,DDE,FEMALE,-,27677
REGION I,LA UNION,NAGUILIAN,DDE,MALE,-,60609
REGION I,LA UNION,SAN FERNANDO CITY,DDE,MALE,-,61661
REGION I,LA UNION,SAN FERNANDO CITY,DDE,MALE,-,36024
REGION I,LA UNION,BAUANG,DDE,MALE,-,75313
REGION I,LA UNION,CABA,DDE,MALE,-,58006
REGION I,LA UNION,SAN FERNANDO CITY,DDE,MALE,-,20338
REGION I,LA UNION,SAN FERNANDO CITY,DDE,MALE,-,73027
REGION I,PANGASINAN,AGNO,DDE,MALE,-,97772
REGION I,LA UNION,SAN FERNANDO CITY,DDE,MALE,-,85135
REGION I,LA UNION,BALAOAN,DDE,MALE,-,24508
REGION I,LA UNION,BAUANG,DDE,MALE,-,8051
REGION I,LA UNION,BANGAR,DDE,MALE,-,53747
REGION I,LA UNION,SANTOL,DDE,MALE,-,92142
REGION I,LA UNION,BANGAR,DDE,MALE,-,92235
REGION I,ILOCOS SUR,STA. CRUZ,DDE,MALE,-,59021
REGION I,ILOCOS SUR,STA. CRUZ,DDE,MALE,-,71412
REGION I,LA UNION,BAUANG,DDE,MALE,-,63335
REGION I,LA UNION,SAN FERNANDO CITY,DDE,MALE,-,61179
REGION I,LA UNION,SAN FERNANDO CITY,DDE,MALE,-,37093
REGION I,LA UNION,SAN FERNANDO CITY,DDE,MALE,-,74678
REGION I,LA UNION,SAN JUAN,DDE,MALE,-,85738
REGION I,LA UNION,BALAOAN,DDE,MALE,-,44734
REGION I,LA UNION,SAN FERNANDO CITY,DDE,MALE,-,77615
REGION I,LA UNION,SAN FERNANDO CITY,DDE,FEMALE,-,78523
REGION I,LA UNION,SAN FERNANDO CITY,DDE,MALE,-,99476
REGION I,LA UNION,SAN FERNANDO CITY,DDE,MALE,-,22019
REGION I,LA UNION,SAN FERNANDO CITY,DDE,MALE,-,88613
REGION I,LA UNION,BAUANG,DDE,MALE,-,96794
REGION I,LA UNION,BAUANG,DDE,MALE,-,91672
REGION I,LA UNION,SAN FERNANDO CITY,DDE,MALE,-,78847
REGION I,LA UNION,SAN FERNANDO CITY,DDE,MALE,-,87750
REGION I,LA UNION,BAUANG,DDE,MALE,-,84634
REGION I,LA UNION,NAGUILIAN,DDE,MALE,-,33251
REGION I,LA UNION,SAN FERNANDO CITY,DDE,MALE,-,30945
REGION I,LA UNION,SAN FERNANDO CITY,DDE,MALE,-,95852
REGION I,LA UNION,NAGUILIAN,DDE,MALE,-,37217
REGION I,ILOCOS SUR,SANTA CRUZ,DDE,MALE,-,13308
REGION I,ILOCOS SUR,SANTA,DDE,MALE,-,10949
REGION I,LA UNION,SAN FERNANDO CITY,DDE,MALE,-,56990
REGION I,LA UNION,BAUANG,DDE,MALE,-,6150
REGION I,LA UNION,BAUANG,DDE,MALE,-,94480
REGION I,LA UNION,BURGOS,DDE,MALE,-,79740
REGION I,LA UNION,BAUANG,DDE,MALE,-,71617
REGION I,LA UNION,BAUANG,DDE,MALE,-,99841
REGION I,LA UNION,BAUANG,DDE,FEMALE,-,21896
REGION I,LA UNION,BANGAR,DDE,MALE,-,51175
REGION I,ILOCOS SUR,SANTA CRUZ,DDE,MALE,-,12805
REGION I,ILOCOS SUR,SANTA CRUZ,DDE,MALE,-,10237
REGION I,LA UNION,SAN FERNANDO CITY,DDE,MALE,-,25056
REGION I,LA UNION,SAN FERNANDO CITY,DDE,MALE,-,50543
REGION I,LA UNION,LUNA,DDE,MALE,-,61556
REGION I,LA UNION,SAN FERNANDO CITY,DDE,MALE,-,8343
REGION I,LA UNION,CABA,DDE,MALE,-,18500
REGION I,LA UNION,BAUANG,DDE,MALE,-,58222
REGION I,LA UNION,SAN FERNANDO CITY,DDE,MALE,-,34375
REGION I,LA UNION,ARINGAY,DDE,MALE,-,14662
REGION I,LA UNION,BAUANG,DDE,FEMALE,-,21964
REGION I,LA UNION,SAN FERNANDO CITY,DDE,FEMALE,-,64638
REGION I,LA UNION,CABA,DDE,MALE,-,78666
REGION I,LA UNION,BAUANG,DDE,MALE,-,90067
REGION I,LA UNION,SANTO TOMAS,DDE,MALE,-,72215
REGION I,LA UNION,BACNOTAN,DDE,MALE,-,74042
REGION I,LA UNION,"BACNOTAN,",DDE,MALE,-,18284
REGION I,PANGASINAN,BAUTISTA,DDE,MALE,-,77789
REGION I,LA UNION,SAN FERNANDO CITY,DDE,MALE,-,89664
REGION I,LA UNION,SAN FERNANDO CITY,DDE,MALE,-,98468
REGION I,ILOCOS SUR,SINAIT,DDE,MALE,-,66389
REGION I,LA UNION,NAGUILIAN,DDE,MALE,-,14435
REGION I,LA UNION,ARINGAY,DDE,MALE,-,59340
REGION I,LA UNION,SAN FERNANDO CITY,DDE,MALE,-,49078
REGION I,LA UNION,SAN FERNANDO CITY,DDE,MALE,-,83832
REGION I,LA UNION,SAN FERNANDO CITY,DDE,MALE,-,56293
REGION I,LA UNION,BALAOAN,DDE,MALE,-,83781
REGION I,LA UNION,BAUANG,DDE,MALE,-,65403
REGION I,LA UNION,SAN FERNANDO CITY,DDE,MALE,-,34124
REGION I,LA UNION,SAN FERNANDO CITY,DDE,MALE,-,48919
REGION I,PANGASINAN,BAYAMBANG,DDE,MALE,-,40247
REGION I,PANGASINAN,DAGUPAN CITY,DDE,MALE,-,99758
REGION I,PANGASINAN,BANI,DDE,MALE,-,96747
REGION I,PANGASINAN,MANGATAREM,DDE,MALE,-,67752
REGION I,PANGASINAN,AGUILAR,DDE,MALE,-,61573
REGION I,PANGASINAN,MANAOAG,DDE,MALE,-,64101
REGION I,PANGASINAN,BAYAMBANG,DDE,MALE,-,31646
REGION I,PANGASINAN,BAUTISTA,DDE,MALE,-,28049
REGION I,PANGASINAN,SUAL,DDE,MALE,-,84605
REGION I,PANGASINAN,ASINGAN,DDE,MALE,-,73385
REGION I,LA UNION,SAN FERNANDO CITY,DDE,MALE,-,45158
REGION I,LA UNION,CABA,DDE,MALE,-,70417
REGION I,LA UNION,BAUANG,DDE,MALE,-,28289
REGION I,LA UNION,SAN FERNANDO CITY,DDE,FEMALE,-,14823
REGION I,PANGASINAN,MANGATAREM,DDE,FEMALE,-,65160
REGION I,LA UNION,SAN JUAN,DDE,MALE,-,46975
REGION I,LA UNION,BANGAR,DDE,MALE,-,14540
REGION I,LA UNION,BANGAR,DDE,MALE,-,21364
REGION I,LA UNION,BANGAR,DDE,MALE,-,9611
REGION I,LA UNION,BANGAR,DDE,MALE,-,32663
REGION I,LA UNION,BANGAR,DDE,MALE,-,56991
REGION I,ILOCOS SUR,SAN ESTEBAN,DDE,MALE,-,62679
REGION I,LA UNION,BANGAR,DDE,MALE,-,35977
REGION I,LA UNION,BANGAR,DDE,MALE,-,99704
REGION I,LA UNION,BURGOS,DDE,MALE,-,54115
REGION I,ILOCOS NORTE,BANGUI,DDE,MALE,-,96007
REGION I,LA UNION,SAN FERNANDO CITY,DDE,FEMALE,-,93223
REGION I,LA UNION,SAN FERNANDO CITY,DDE,MALE,-,65890
REGION I,LA UNION,SAN FERNANDO CITY,DDE,MALE,-,71387
REGION I,LA UNION,SAN FERNANDO CITY,DDE,MALE,-,23071
REGION I,LA UNION,SAN FERNANDO CITY,DDE,FEMALE,-,64275
REGION I,LA UNION,SAN FERNANDO CITY,DDE,MALE,-,77369
REGION I,LA UNION,SAN FERNANDO CITY,DDE,MALE,-,16938
REGION I,LA UNION,ARINGAY,DDE,MALE,-,40195
REGION I,ILOCOS SUR,SANTA CATALINA,DDE,MALE,-,96680
REGION I,LA UNION,SAN FERNANDO CITY,DDE,MALE,-,9000
REGION I,LA UNION,SAN FERNANDO CITY,DDE,MALE,-,75588
REGION I,LA UNION,SAN FERNANDO CITY,DDE,MALE,-,98610
REGION I,LA UNION,LUNA,DDE,MALE,-,43304
REGION I,LA UNION,SAN FERNANDO CITY,DDE,MALE,-,74449
REGION I,LA UNION,ARINGAY,DDE,MALE,-,87986
REGION I,ILOCOS SUR,ILOCOS SUR,DDE,MALE,-,94643
REGION I,LA UNION,SAN FERNANDO,DDE,MALE,-,25764
REGION I,ILOCOS SUR,STA. MARIA,DDE,MALE,-,91027
REGION I,LA UNION,SAN FERNANDO CITY,DDE,MALE,-,43494
REGION I,LA UNION,NAGUILIAN,DDE,MALE,-,8373
REGION I,LA UNION,SAN FERNANDO CITY,DDE,MALE,-,17161
REGION I,ILOCOS SUR,CITY OF CANDON,DDE,MALE,-,97658
REGION I,ILOCOS SUR,CITY OF CANDON,DDE,MALE,-,32350
REGION I,ILOCOS SUR,CITY OF CANDON,DDE,MALE,-,98008
REGION I,ILOCOS NORTE,PINILI,DDE,FEMALE,-,99297
REGION I,LA UNION,SAN FERNANDO CITY,DDE,MALE,-,30351
REGION I,LA UNION,,DDE,MALE,-,93668
REGION I,ILOCOS SUR,BURGOS,DDE,MALE,-,20305
REGION I,LA UNION,SAN FERNANDO CITY,DDE,MALE,-,80353
REGION I,LA UNION,SAN FERNANDO CITY,DDE,MALE,-,81797
REGION I,LA UNION,SAN FERNANDO CITY,DDE,MALE,-,70953
REGION I,LA UNION,SAN FERNANDO CITY,DDE,MALE,-,62458
REGION I,LA UNION,SAN FERNANDO CITY,DDE,MALE,-,25358
REGION I,LA UNION,LA UNION,DDE,MALE,-,8267
REGION I,PANGASINAN,SAN FABIAN,DDE,FEMALE,-,87745
REGION I,ILOCOS SUR,QUIRINO (ANGKAKI),DDE,MALE,-,94588
REGION I,LA UNION,BAUANG,DDE,MALE,-,43513
REGION I,LA UNION,SAN FERNANDO CITY,DDE,MALE,-,31092
REGION I,LA UNION,SAN FERNANDO CITY,DDE,MALE,-,16338
REGION I,ILOCOS SUR,CANDON CITY,DDE,MALE,-,5412
REGION I,ILOCOS SUR,SANTA CRUZ,DDE,MALE,-,12543
REGION I,ILOCOS SUR,CANDON CITY,DDE,MALE,-,38496
REGION I,ILOCOS SUR,CANDON CITY,DDE,MALE,-,65692
REGION I,LA UNION,AGOO,DDE,MALE,-,94084
REGION I,PANGASINAN,SISON,DDE,MALE,-,97920
REGION I,LA UNION,NAGUILIAN,DDE,MALE,-,49425
REGION I,LA UNION,BAUANG,DDE,MALE,-,43756
REGION I,LA UNION,NAGUILIAN,DDE,MALE,-,23888
REGION I,ILOCOS SUR,TAGUDIN,DDE,MALE,-,40735
REGION I,LA UNION,SAN JUAN,DDE,MALE,-,52295
REGION I,ILOCOS SUR,NARVACAN,DDE,MALE,-,88042
REGION I,ILOCOS SUR,SANTA CRUZ,DDE,MALE,-,90999
REGION I,LA UNION,SAN FERNANDO CITY,DDE,MALE,-,22955
REGION I,ILOCOS SUR,SANTIAGO,DDE,MALE,-,42841
REGION I,LA UNION,BAUANG,DDE,MALE,-,75640
REGION I,ILOCOS SUR,TAGUDIN,DDE,MALE,-,70510
REGION I,LA UNION,SAN FERNANDO CITY,DDE,MALE,-,39911
REGION I,PANGASINAN,SAN FABIAN,DDE,FEMALE,-,64031
REGION I,PANGASINAN,SAN FABIAN,DDE,FEMALE,-,93726
REGION I,PANGASINAN,SAN FABIAN,DDE,FEMALE,-,12357
REGION I,ILOCOS SUR,CANDON CITY,DDE,MALE,-,37479
REGION I,LA UNION,SAN FERNANDO CITY,DDE,MALE,-,66476
REGION I,LA UNION,SAN FERNANDO CITY,DDE,MALE,-,49811
REGION I,LA UNION,LUNA,DDE,MALE,-,41208
REGION I,LA UNION,CITY OF SAN FERNANDO,DDE,MALE,-,25150
REGION I,LA UNION,BAUANG,DDE,MALE,-,76180
REGION I,LA UNION,BAUANG,DDE,FEMALE,-,48286
REGION I,LA UNION,SAN FERNANDO CITY,DDE,MALE,-,73450
REGION I,LA UNION,SAN FERNANDO CITY,DDE,MALE,-,26352
REGION I,LA UNION,SAN FERNANDO CITY,DDE,MALE,-,60069
REGION I,LA UNION,SAN FERNANDO CITY,DDE,MALE,-,19397
REGION I,LA UNION,SAN FERNANDO CITY,DDE,FEMALE,-,46555
REGION I,LA UNION,SAN JUAN,DDE,MALE,-,51959
REGION I,LA UNION,SAN JUAN,DDE,MALE,-,5728
REGION I,ILOCOS NORTE,SOLSONA,DDE,FEMALE,-,55517
REGION I,PANGASINAN,SAN FABIAN,DDE,FEMALE,-,71234
REGION I,LA UNION,LUNA,DDE,MALE,-,44954
REGION I,LA UNION,SAN FERNANDO CITY,DDE,MALE,-,52280
REGION I,ILOCOS SUR,SALCEDO,DDE,MALE,-,84459
REGION I,ILOCOS SUR,CANDON CITY,DDE,MALE,-,21779
REGION I,ILOCOS SUR,SALCEDO,DDE,MALE,-,68932
REGION I,ILOCOS SUR,SANTA CRUZ,DDE,MALE,-,77936
REGION I,,,DDE,MALE,-,29466
REGION I,LA UNION,BAUANG,DDE,FEMALE,-,41939
REGION I,LA UNION,SAN FERNANDO CITY,DDE,MALE,-,74896
REGION I,LA UNION,SAN FERNANDO CITY,DDE,MALE,-,40270
REGION I,LA UNION,SAN FERNANDO CITY,DDE,MALE,-,64163
REGION I,ILOCOS SUR,SANTA CRUZ,DDE,MALE,-,87637
REGION I,ILOCOS SUR,CANDON CITY,DDE,MALE,-,56934
REGION I,ILOCOS SUR,GALIMUYOD,DDE,MALE,-,69895
REGION I,LA UNION,SAN FERNANDO CITY,DDE,MALE,-,37307
REGION I,LA UNION,SAN GABRIEL,DDE,MALE,-,59098
REGION I,LA UNION,BAUANG,DDE,MALE,-,65921
REGION I,LA UNION,BACNOTAN,DDE,MALE,-,10486
REGION I,LA UNION,SAN FERNANDO CITY,DDE,MALE,-,13335
REGION I,LA UNION,SAN JUAN,DDE,MALE,-,91900
REGION I,LA UNION,NAGUILIAN,DDE,MALE,-,94112
REGION I,ILOCOS SUR,CANDON CITY,DDE,MALE,-,16130
REGION I,PANGASINAN,DAGUPAN CITY,DDE,FEMALE,-,92508
REGION I,PANGASINAN,MANAOAG,DDE,FEMALE,-,65566
REGION I,LA UNION,BALAOAN,DDE,MALE,-,71703
REGION I,LA UNION,BALAOAN,DDE,FEMALE,-,32192
REGION I,LA UNION,SAN JUAN,DDE,MALE,-,6062
REGION I,LA UNION,BAUANG,DDE,MALE,-,89076
REGION I,LA UNION,SAN FERNANDO CITY,DDE,MALE,-,94780
REGION I,ILOCOS NORTE,DINGRAS,DDE,MALE,-,26545
REGION I,LA UNION,LUNA,DDE,MALE,-,26689
REGION I,LA UNION,SAN FERNANDO CITY,DDE,MALE,-,16174
REGION I,ILOCOS SUR,CANDON CITY,DDE,MALE,-,93461
REGION I,PANGASINAN,ROSALES,DDE,MALE,-,14348
REGION I,LA UNION,SAN FERNANDO CITY,DDE,MALE,-,28714
REGION I,PANGASINAN,SAN FABIAN,DDE,MALE,-,43102
REGION I,LA UNION,SAN JUAN,DDE,MALE,-,79460
REGION I,LA UNION,SSAN FERNANDO CITY,DDE,MALE,-,94930
REGION I,LA UNION,SAN FERNANDO CITY,DDE,FEMALE,-,11801
REGION I,LA UNION,SAN FERNANDO CITY,DDE,MALE,-,77267
REGION I,ILOCOS SUR,SANTA CRUZ,DDE,MALE,-,53136
REGION I,ILOCOS SUR,SANTA CRUZ,DDE,MALE,-,28625
REGION I,ILOCOS SUR,GALIMUYOD,DDE,MALE,-,87873
REGION I,LA UNION,SAN JUAN,DDE,MALE,-,77592
REGION I,LA UNION,CITY OF SAN FERNANDO,OPD,MALE,GRADUATED,82052
REGION I,LA UNION,CITY OF SAN FERNANDO,OPD,MALE,GRADUATED,49261
REGION I,LA UNION,NAGUILIAN,OPD,MALE,GRADUATED,6542
REGION I,LA UNION,CITY OF SAN FERNANDO,OPD,MALE,GRADUATED,26677
REGION I,LA UNION,CITY OF SAN FERNANDO,OPD,MALE,GRADUATED,51732
REGION I,LA UNION,CITY OF SAN FERNANDO,OPD,FEMALE,GRADUATED,55343
REGION I,LA UNION,BAUANG,OPD,MALE,GRADUATED,44081
REGION I,LA UNION,BAUANG,OPD,MALE,GRADUATED,67856
REGION I,ILOCOS SUR,NARVACAN,OPD,MALE,GRADUATED,98105
REGION I,LA UNION,ARINGAY,OPD,MALE,GRADUATED,93858
REGION I,LA UNION,CABA,OPD,MALE,GRADUATED,24065
REGION I,LA UNION,LUNA,OPD,MALE,GRADUATED,88460
REGION I,LA UNION,CITY OF SAN FERNANDO,OPD,FEMALE,GRADUATED,93092
REGION I,LA UNION,CITY OF SAN FERNANDO,OPD,MALE,GRADUATED,59693
REGION I,LA UNION,SAN JUAN,OPD,MALE,GRADUATED,31962
REGION I,LA UNION,SAN JUAN,OPD,MALE,GRADUATED,33295
REGION I,LA UNION,SAN JUAN,OPD,MALE,GRADUATED,18807
REGION I,LA UNION,SAN JUAN,OPD,MALE,GRADUATED,47348
REGION I,LA UNION,LUNA,OPD,MALE,GRADUATED,31432
REGION I,LA UNION,SAN JUAN,OPD,MALE,GRADUATED,88285
REGION I,ILOCOS SUR,SANTA CATALINA,OPD,MALE,GRADUATED,96792
REGION I,LA UNION,SAN JUAN,OPD,MALE,GRADUATED,62854
REGION I,LA UNION,SAN JUAN,OPD,MALE,GRADUATED,45262
REGION I,LA UNION,NAGUILIAN,OPD,MALE,GRADUATED,42080
REGION I,LA UNION,NAGUILIAN,OPD,MALE,GRADUATED,6324
REGION I,LA UNION,BAUANG,OPD,MALE,GRADUATED,96267
REGION I,LA UNION,BANGAR,OPD,MALE,GRADUATED,40909
REGION I,LA UNION,NAGUILIAN,OPD,MALE,GRADUATED,94339
REGION I,ILOCOS SUR,BANTAY,OPD,MALE,GRADUATED,24870
REGION I,LA UNION,SAN GABRIEL,OPD,MALE,GRADUATED,39578
REGION I,LA UNION,NAGUILIAN,OPD,MALE,GRADUATED,77124
REGION I,LA UNION,CITY OF SAN FERNANDO,OPD,MALE,GRADUATED,31790
REGION I,LA UNION,BALAOAN,OPD,MALE,GRADUATED,30289
REGION I,LA UNION,BAUANG,OPD,MALE,GRADUATED,60129
REGION I,ILOCOS SUR,VIGAN CITY,OPD,FEMALE,GRADUATED,98714
REGION I,LA UNION,SAN JUAN,OPD,MALE,GRADUATED,99246
REGION I,ILOCOS SUR,SANTIAGO,OPD,MALE,GRADUATED,20485
REGION I,LA UNION,CITY OF SAN FERNANDO,OPD,MALE,GRADUATED,49482
REGION I,LA UNION,ARINGAY,OPD,MALE,GRADUATED,91188
REGION I,LA UNION,CITY OF SAN FERNANDO,OPD,FEMALE,GRADUATED,9748
REGION I,LA UNION,BAUANG,OPD,MALE,GRADUATED,91769
REGION I,ILOCOS SUR,SANTA CATALINA,OPD,MALE,GRADUATED,14435
REGION I,ILOCOS SUR,SANTA CATALINA,OPD,MALE,TRANSFERRED,8709
REGION I,LA UNION,BAUANG,OPD,FEMALE,GRADUATED,35355
REGION I,LA UNION,CITY OF SAN FERNANDO,OPD,MALE,GRADUATED,60771
REGION I,LA UNION,CITY OF SAN FERNANDO,OPD,MALE,GRADUATED,62799
REGION I,LA UNION,BAUANG,OPD,MALE,GRADUATED,18116
REGION I,LA UNION,BAUANG,OPD,MALE,GRADUATED,30470
REGION I,LA UNION,BAUANG,OPD,MALE,GRADUATED,47344
REGION I,LA UNION,CITY OF SAN FERNANDO,OPD,FEMALE,GRADUATED,47918
REGION I,LA UNION,CITY OF SAN FERNANDO,OPD,MALE,GRADUATED,57224
REGION I,LA UNION,CITY OF SAN FERNANDO,OPD,MALE,EXCLUSION,44298
REGION I,LA UNION,SANTO TOMAS,OPD,MALE,GRADUATED,85219
REGION I,LA UNION,CITY OF SAN FERNANDO,OPD,MALE,GRADUATED,66629
REGION I,LA UNION,CITY OF SAN FERNANDO,OPD,MALE,GRADUATED,71040
REGION I,LA UNION,CITY OF SAN FERNANDO,OPD,MALE,GRADUATED,33016
REGION I,LA UNION,CITY OF SAN FERNANDO,OPD,MALE,GRADUATED,28960
REGION I,ILOCOS SUR,SANTO DOMINGO,OPD,MALE,GRADUATED,38591
REGION I,LA UNION,CITY OF SAN FERNANDO,OPD,MALE,GRADUATED,87848
REGION I,ILOCOS SUR,STA. CATALINA,OPD,MALE,GRADUATED,72641
REGION I,LA UNION,CITY OF SAN FERNANDO,OPD,FEMALE,GRADUATED,41395
REGION I,LA UNION,CITY OF SAN FERNANDO,OPD,MALE,TRANSFERRED,27700
REGION I,LA UNION,CITY OF SAN FERNANDO,OPD,MALE,GRADUATED,39620
REGION I,LA UNION,BAUANG,OPD,MALE,GRADUATED,25559
REGION I,LA UNION,CITY OF SAN FERNANDO,OPD,MALE,GRADUATED,98045
REGION I,LA UNION,CITY OF SAN FERNANDO,OPD,MALE,RECOMMENDED FOR INPATIENT,98396
REGION I,LA UNION,SAN JUAN,OPD,MALE,GRADUATED,66642
REGION I,ILOCOS SUR,SANTA CATALINA,OPD,MALE,GRADUATED,81539
REGION I,ILOCOS SUR,SANTA CATALINA,OPD,MALE,GRADUATED,26732
REGION I,ILOCOS SUR,SANTA CATALINA,OPD,MALE,GRADUATED,96362
REGION I,ILOCOS SUR,SANTA CRUZ,OPD,MALE,GRADUATED,35354
REGION I,ILOCOS SUR,SANTA CATALINA,OPD,FEMALE,GRADUATED,18843
REGION I,LA UNION,CITY OF SAN FERNANDO,OPD,MALE,GRADUATED,76726
REGION I,LA UNION,BAUANG,OPD,MALE,GRADUATED,22640
REGION I,LA UNION,CITY OF SAN FERNANDO,OPD,MALE,GRADUATED,57528
REGION I,LA UNION,SAN FERNANDO CITY,OPD,MALE,GRADUATED,43413
REGION I,LA UNION,SAN GABRIEL,OPD,MALE,GRADUATED,57638
REGION I,LA UNION,AGOO,OPD,MALE,GRADUATED,57736
REGION I,LA UNION,SAN FERNANDO CITY,OPD,MALE,ON-GOING,73866
REGION I,LA UNION,SAN FERNANDO CITY,OPD,MALE,GRADUATED,24087
REGION I,LA UNION,BAUANG,OPD,MALE,ON-GOING,46430
REGION I,ILOCOS NORTE,BACARRA,OPD,MALE,ON-GOING,29504
REGION I,LA UNION,SAN FERNANDO CITY,OPD,MALE,ON-GOING,12114
REGION I,LA UNION,CABA,OPD,MALE,ON-GOING,83859
REGION I,LA UNION,BALAOAN,OPD,MALE,GRADUATED,15975
REGION I,LA UNION,SAN FERNANDO CITY,OPD,MALE,ON-GOING,16023
REGION I,ILOCOS SUR,SANTA CRUZ,OPD,MALE,GRADUATED,26447
REGION I,LA UNION,SAN JUAN,OPD,MALE,GRADUATED,95469
REGION I,LA UNION,SAN FERNANDO CITY,OPD,MALE,GRADUATED,28959
REGION I,ILOCOS SUR,SANTA LUCIA,OPD,MALE,GRADUATED,71203
REGION I,LA UNION,SAN FERNANDO CITY,OPD,MALE,GRADUATED,34703
REGION I,LA UNION,BALAOAN,OPD,MALE,GRADUATED,14337
REGION I,LA UNION,BAUANG,OPD,MALE,GRADUATED,51427
REGION I,LA UNION,SAN FERNANDO CITY,OPD,MALE,GRADUATED,66529
REGION I,PANGASINAN,MANGALDAN,OPD,MALE,GRADUATED,89665
REGION I,PANGASINAN,MANAOAG,OPD,FEMALE,ON-GOING,36921
REGION I,LA UNION,SAN FERNANDO CITY,OPD,MALE,ON-GOING,38307
REGION I,LA UNION,Bauang,OPD,MALE,GRADUATED,32355
REGION I,LA UNION,NAGUILIAN,OPD,MALE,GRADUATED,9835
REGION I,ILOCOS SUR,CABUGAO,OPD,MALE,ON-GOING,25159
REGION I,LA UNION,SAN FERNANDO CITY,OPD,MALE,ON-GOING,52605
REGION I,LA UNION,NAGUILIAN,OPD,MALE,GRADUATED,43088
REGION I,ILOCOS SUR,SANTA CRUZ,OPD,MALE,GRADUATED,83752
REGION I,ILOCOS SUR,SANTA CRUZ,OPD,MALE,GRADUATED,60284
REGION I,LA UNION,BAUANG,OPD,MALE,ON-GOING,62043
REGION I,LA UNION,BAUANG,OPD,MALE,GRADUATED,40547
REGION I,LA UNION,NAGUILIAN,OPD,MALE,GRADUATED,87844
REGION I,LA UNION,SAN FERNANDO CITY,OPD,MALE,GRADUATED,32532
REGION I,LA UNION,BAUANG,OPD,MALE,ON-GOING,39349
REGION I,LA UNION,BAUANG,OPD,MALE,ON-GOING,50445
REGION I,LA UNION,SAN FERNANDO,OPD,MALE,ON-GOING,10713
REGION I,LA UNION,SAN FERNANDO,OPD,MALE,ON-GOING,61178
REGION I,LA UNION,BALAOAN,OPD,MALE,ON-GOING,54407
REGION I,LA UNION,BAUANG,OPD,MALE,ON-GOING,75340
REGION I,LA UNION,BACNOTAN,OPD,MALE,ON-GOING,55990
REGION I,ILOCOS NORTE,LAOAG CITY,OPD,MALE,ON-GOING,80672
REGION I,ILOCOS SUR,CITY OF VIGAN,OPD,FEMALE,ON-GOING,70545
REGION I,LA UNION,BANGAR,OPD,MALE,ON-GOING,89791
REGION I,LA UNION,SANTOL,OPD,MALE,ON-GOING,63141
REGION I,LA UNION,SAN JUAN,OPD,MALE,ON-GOING,28793
REGION I,LA UNION,PUGO,OPD,MALE,ON-GOING,61570
REGION I,LA UNION,SAN JUAN,OPD,MALE,ON-GOING,42892
REGION I,ILOCOS SUR,CITY OF CANDON,OPD,MALE,ON-GOING,6015
REGION I,LA UNION,BAUANG,OPD,MALE,ON-GOING,66813
REGION I,LA UNION,SAN FERNANDO CITY,OPD,MALE,ON-GOING,32712
REGION I,LA UNION,BURGOS,OPD,MALE,ON-GOING,13415
REGION I,PANGASINAN,BAYAMBANG,OPD,MALE,ON-GOING,67292
REGION I,PANGASINAN,DAGUPAN CITY,OPD,MALE,ON-GOING,28833
REGION I,PANGASINAN,BANI,OPD,MALE,ON-GOING,9158
REGION I,PANGASINAN,MANGATAREM,OPD,MALE,ON-GOING,67680
REGION I,PANGASINAN,AGUILAR,OPD,MALE,ON-GOING,25309
REGION I,PANGASINAN,MANAOAG,OPD,MALE,ON-GOING,11970
REGION I,PANGASINAN,BAYAMBANG,OPD,MALE,ON-GOING,77474
REGION I,PANGASINAN,BAUTISTA,OPD,MALE,ON-GOING,91704
REGION I,PANGASINAN,SUAL,OPD,MALE,ON-GOING,51540
REGION I,PANGASINAN,ASINGAN,OPD,MALE,ON-GOING,25384
REGION I,LA UNION,SAN FERNANDO CITY,OPD,MALE,ON-GOING,23017
REGION I,ILOCOS SUR,STA. LUCIA,OPD,MALE,ON-GOING,80880
REGION I,ILOCOS SUR,STA. LUCIA,OPD,MALE,ON-GOING,13702
REGION I,PANGASINAN,MANAOAG,OPD,MALE,ON-GOING,5384
REGION I,ILOCOS SUR,SANTA CRUZ,OPD,MALE,ON-GOING,5404
REGION I,LA UNION,BALAOAN,OPD,MALE,ON-GOING,45943
REGION I,LA UNION,SAN FERNANDO,OPD,MALE,ON-GOING,52926
REGION I,LA UNION,SAN FERNANDO CITY,OPD,MALE,ON-GOING,34189
REGION I,LA UNION,SAN FERNANDO CITY,OPD,FEMALE,ON-GOING,17763
REGION I,LA UNION,SAN FERNANDO CITY,OPD,MALE,ON-GOING,23384
REGION I,LA UNION,SAN FERNANDO CITY,OPD,MALE,ON-GOING,65100
REGION I,LA UNION,SAN JUAN,OPD,MALE,ON-GOING,14860
REGION I,LA UNION,NAGUILIAN,OPD,MALE,ON-GOING,85642
REGION I,LA UNION,BAUANG,OPD,MALE,ON-GOING,55612
REGION I,ILOCOS SUR,CANDON CITY,OPD,MALE,ON-GOING,28574
REGION I,ILOCOS SUR,NARVACAN,OPD,MALE,ON-GOING,28524
REGION I,LA UNION,SAN FERNANDO CITY,OPD,MALE,ON-GOING,74172
REGION I,LA UNION,SAN FERNANDO CITY,OPD,FEMALE,ON-GOING,15916
REGION I,ILOCOS SUR,TAGUDIN,OPD,MALE,ON-GOING,9809
REGION I,ILOCOS SUR,SAN ESTEBAN,OPD,MALE,ON-GOING,37201
REGION I,LA UNION,SAN FERNANDO CITY,OPD,MALE,ON-GOING,58330
REGION I,LA UNION,SAN FERNANDO,OPD,MALE,ON-GOING,18456
REGION I,LA UNION,SAN FERNANDO CITY,OPD,MALE,ON-GOING,61397
REGION I,LA UNION,NAGUILIAN,OPD,MALE,ON-GOING,43765
REGION I,LA UNION,SAN FERNANDO CITY,OPD,FEMALE,ON-GOING,39816
REGION I,LA UNION,BAUANG,OPD,FEMALE,ON-GOING,50106
REGION I,LA UNION,AGOO,OPD,MALE,ON-GOING,58932
REGION I,LA UNION,SAN FERNANDO CITY,OPD,MALE,ON-GOING,22100
REGION I,LA UNION,SAN FERNANDO CITY,OPD,MALE,ON-GOING,62091
REGION I,ILOCOS SUR,CANDON CITY,OPD,MALE,ON-GOING,26949
REGION I,ILOCOS SUR,TAGUDIN,OPD,MALE,ON-GOING,75080
REGION I,ILOCOS SUR,SALCEDO,OPD,MALE,ON-GOING,42744
REGION I,LA UNION,CABA,OPD,MALE,ON-GOING,50543
REGION I,PANGASINAN,SAN FABIAN,OPD,MALE,ON-GOING,97193
REGION I,LA UNION,ROSARIO,OPD,MALE,ON-GOING,41187
REGION I,LA UNION,SAN FERNANDO CITY,OPD,MALE,not yet enrolled,12239
REGION I,PANGASINAN,VILLASIS,RES,FEMALE,GRADUATED,19489
REGION I,ILOCOS SUR,GALIMUYOD,RES,FEMALE,GRADUATED,63017
REGION I,LA UNION,SAN FERNANDO CITY,RES,FEMALE,GRADUATED,66877
REGION I,PANGASINAN,CITY OF URDANETA,RES,FEMALE,GRADUATED,48125
REGION I,LA UNION,SAN FERNANDO CITY,RES,FEMALE,GRADUATED,54922
REGION I,PANGASINAN,DAGUPAN CITY,RES,FEMALE,GRADUATED,99074
REGION I,PANGASINAN,DAGUPAN CITY,RES,FEMALE,GRADUATED,37049
REGION I,PANGASINAN,MANGALDAN,RES,FEMALE,GRADUATED,42131
REGION I,PANGASINAN,DAGUPAN CITY,RES,FEMALE,GRADUATED,47944
REGION I,PANGASINAN,MANGATAREM,RES,FEMALE,GRADUATED,78963
REGION I,ILOCOS SUR,CITY OF CANDON,RES,FEMALE,GRADUATED,29285
REGION I,PANGASINAN,BINALONAN,RES,FEMALE,GRADUATED,42626
REGION I,PANGASINAN,AGNO,RES,FEMALE,GRADUATED,47808
REGION I,LA UNION,SANTO TOMAS,RES,FEMALE,GRADUATED,93464
REGION I,LA UNION,SAN FERNANDO CITY,RES,MALE,ONGOING,58871
REGION I,LA UNION,SAN FERNANDO CITY,RES,MALE,GRADUATED,24198
REGION I,ILOCOS SUR,SANTA CRUZ,RES,MALE,GRADUATED,24758
REGION I,ILOCOS SUR,SANTA CRUZ,RES,MALE,GRADUATED,20254
REGION I,PANGASINAN,DAGUPAN CITY,RES,FEMALE,GRADUATED,49238
REGION I,LA UNION,SFC,RES,MALE,GRADUATED,6252
REGION I,LA UNION,SAN FERNANDO CITY,RES,MALE,GRADUATED,44764
REGION I,LA UNION,BAUANG,RES,MALE,GRADUATED,82709
REGION I,LA UNION,BAUANG,RES,FEMALE,GRADUATED,42441
REGION I,LA UNION,BAUANG,RES,FEMALE,ONGOING,97234
REGION I,LA UNION,SAN FERNANDO CITY,RES,MALE,GRADUATED,58682
REGION I,LA UNION,AGOO,RES,MALE,GRADUATED,64494
REGION I,LA UNION,BAUANG,RES,MALE,GRADUATED,86317
REGION I,LA UNION,SAN FERNANDO CITY,RES,MALE,GRADUATED,70215
REGION I,ILOCOS SUR,SINAIT,RES,MALE,GRADUATED,83587
REGION I,PANGASINAN,CITY OF URDANETA,RES,FEMALE,GRADUATED,11949
REGION I,LA UNION,SAN FERNANDO CITY,RES,MALE,GRADUATED,60393
REGION I,LA UNION,BACNOTAN,RES,MALE,GRADUATED,78553
REGION I,PANGASINAN,BAUTISTA,RES,MALE,GRADUATED,11941
REGION I,LA UNION,BAUANG,RES,MALE,ONGOING,30934
REGION I,LA UNION,BAUANG,RES,MALE,ONGOING,28386
REGION I,PANGASINAN,DAGUPAN CITY,RES,FEMALE,ONGOING,66886
REGION I,LA UNION,CABA,RES,MALE,ONGOING,80745
REGION I,LA UNION,CABA,RES,MALE,ONGOING,88251
REGION I,LA UNION,CITY OF SAN FERNANDO,RES,MALE,ONGOING,99456
REGION I,LA UNION,ARINGAY,RES,MALE,ONGOING,58413
REGION I,PANGASINAN,SINON,RES,MALE,ONGOING,61800
REGION I,ILOCOS NORTE,BANGUI,RES,MALE,ONGOING,47318
REGION I,PANGASINAN,MANGALDAN,RES,FEMALE,ONGOING,75173
REGION I,LA UNION,SAN FERNANDO CITY,RES,MALE,ONGOING,75390
REGION I,LA UNION,BURGOS,RES,MALE,ONGOING,57329
REGION I,LA UNION,BAUANG,RES,MALE,ONGOING,48088
REGION I,LA UNION,BANGAR,RES,MALE,ONGOING,44811
REGION I,LA UNION,BANGAR,RES,MALE,ONGOING,60479
REGION I,LA UNION,BANGAR,RES,MALE,ONGOING,90392
REGION I,LA UNION,BANGAR,RES,MALE,ONGOING,92369
REGION I,LA UNION,BANGAR,RES,MALE,ONGOING,24963
REGION I,LA UNION,SAN FERNANDO CITY,RES,FEMALE,ONGOING,60123
REGION I,LA UNION,BANGAR,RES,MALE,ONGOING,97705
REGION I,LA UNION,SAN FERNANDO CITY,RES,MALE,ONGOING,78477
REGION I,PANGASINAN,SAN CARLOS CITY,RES,FEMALE,ONGOING,19388
REGION I,LA UNION,NAGUILIAN,RES,MALE,ONGOING,10569
REGION I,PANGASINAN,MANGATAREM,RES,FEMALE,ONGOING,74836
REGION I,LA UNION,SAN FERNANDO,RES,MALE,ONGOING,41586
REGION I,LA UNION,SAN FERNANDO CITY,RES,MALE,ONGOING,17015
REGION I,LA UNION,SAN FERNANDO CITY,RES,MALE,ONGOING,50002
REGION I,PANGASINAN,DAGUPAN CITY,RES,FEMALE,ONGOING,11254
REGION I,LA UNION,SAN FERNANDO CITY,RES,MALE,ONGOING,22144
REGION I,LA UNION,SAN FERNANDO CITY,RES,MALE,ONGOING,29214
REGION I,LA UNION,SAN FERNANDO CITY,RES,MALE,ONGOING,85719
REGION I,ILOCOS SUR,SANTA CRUZ,RES,MALE,ONGOING,76774
REGION I,ILOCOS SUR,STA. MARIA,RES,MALE,ONGOING,11090
REGION I,LA UNION,SAN FERNANDO CITY,RES,FEMALE,ONGOING,16637
REGION I,LA UNION,SAN FERNANDO CITY,RES,FEMALE,ONGOING,27415
REGION I,LA UNION,SAN FERNANDO CITY,RES,MALE,ONGOING,29071
REGION I,ILOCOS SUR,BANAYOYO,RES,MALE,ONGOING,63243
REGION I,ILOCOS SUR,GALIMUYOD,RES,MALE,ONGOING,46240
REGION I,PANGASINAN,SAN FABIAN,RES,FEMALE,ONGOING,88807
REGION I,PANGASINAN,CITY OF URDANETA,RES,FEMALE,ONGOING,38434
REGION I,ILOCOS SUR,CANDON CITY,RES,MALE,ONGOING,74724
REGION I,ILOCOS SUR,SANTA CRUZ,RES,MALE,ONGOING,80697
REGION I,LA UNION,SAN FERNANDO CITY,RES,MALE,ONGOING,33732
REGION I,ILOCOS SUR,GALIMUYOD,RES,MALE,ONGOING,16314
REGION I,PANGASINAN,SISON,RES,MALE,ONGOING,28954
REGION I,LA UNION,NAGUILIAN,RES,MALE,ONGOING,62108
REGION I,LA UNION,BANGAR,RES,MALE,ONGOING,92044
REGION I,PANGASINAN,LINGAYEN,RES,FEMALE,ONGOING,92505
REGION I,PANGASINAN,DAGUPAN CITY,RES,FEMALE,ONGOING,41668
REGION I,LA UNION,SAN FERNANDO CITY,RES,MALE,ONGOING,28061
REGION I,LA UNION,SAN JUAN,RES,MALE,ONGOING,84252
REGION I,LA UNION,NAGUILIAN,RES,MALE,ONGOING,44749
REGION I,LA UNION,SAN FERNANDO CITY,RES,MALE,ONGOING,21907
REGION I,LA UNION,SAN FERNANDO CITY,RES,MALE,ONGOING,23777
REGION I,LA UNION,SAN FERNANDO CITY,RES,MALE,ONGOING,98229
REGION I,LA UNION,SAN FERNANDO CITY,RES,MALE,RELEASED,56745
REGION I,LA UNION,SAN FERNANDO CITY,RES,MALE,ONGOING,96865
REGION I,LA UNION,SAN FERNANDO CITY,RES,MALE,ONGOING,86818
REGION I,LA UNION,LUNA,RES,MALE,ONGOING,28624
REGION I,ILOCOS NORTE,BATAC CITY,RES,MALE,ONGOING,28321
REGION I,PANGASINAN,MANGALDAN,RES,FEMALE,ONGOING,15488
REGION I,ILOCOS NORTE,SOLSONA,RES,FEMALE,ONGOING,27574
REGION I,PANGASINAN,MANGALDAN,RES,MALE,ONGOING,10240
REGION I,LA UNION,LUNA,RES,MALE,ONGOING,48221
REGION I,LA UNION,SAN FERNANDO CITY,RES,MALE,ONGOING,15478
REGION I,LA UNION,BAUANG,RES,MALE,ONGOING,60645
REGION I,ILOCOS SUR,SANTA CRUZ,RES,MALE,ONGOING,24262
REGION I,LA UNION,BAUANG,RES,FEMALE,ONGOING,57796
REGION I,LA UNION,SAN FERNANDO CITY,RES,MALE,ONGOING,9432
REGION I,ILOCOS SUR,TAGUDIN,RES,MALE,ONGOING,69291
REGION I,LA UNION,SAN FERNANDO CITY,RES,MALE,ONGOING,84104
REGION I,LA UNION,SAN JUAN,RES,MALE,ONGOING,64399
REGION I,LA UNION,SAN JUAN,RES,MALE,ONGOING,84714
REGION I,ILOCOS SUR,QUIRINO (ANGKAKI),RES,MALE,ONGOING,55428
REGION I,ILOCOS SUR,SAN JUAN,RES,MALE,ONGOING,92731
REGION I,LA UNION,SAN FERNANDO CITY,RES,MALE,ONGOING,5302
REGION I,ILOCOS SUR,SANTA CRUZ,RES,MALE,ONGOING,87558
REGION I,PANGASINAN,CALASIAO,RES,MALE,ONGOING,5055
REGION I,LA UNION,SAN JUAN,RES,MALE,ONGOING,13717
REGION I,ILOCOS SUR,SALCEDO,RES,MALE,ONGOING,33699
REGION I,ILOCOS SUR,CABUGAO,RES,MALE,ONGOING,78686
REGION I,LA UNION,SAN FERNANDO CITY,RES,MALE,ONGOING,72661
REGION I,ILOCOS SUR,MAGSINGAL,RES,MALE,ONGOING,49247
REGION I,LA UNION,SAN FERNANDO CITY,RES,MALE,ONGOING,21748
REGION I,ILOCOS SUR,CABUGAO,RES,MALE,ONGOING,9621
REGION I,LA UNION,SAN FERNANDO CITY,RES,MALE,ONGOING,20034
REGION I,PANGASINAN,ROSALES,RES,MALE,ONGOING,10126
REGION I,LA UNION,SAN FERNANDO CITY,RES,MALE,ONGOING,10122
REGION I,LA UNION,SAN JUAN,RES,MALE,ONGOING,23030
REGION I,PANGASINAN,SAN FABIAN,RES,FEMALE,ONGOING,87838
REGION I,PANGASINAN,DAGUPAN CITY,RES,FEMALE,ONGOING,89717
REGION I,La Union,City of San Fernando,ACP,MALE,GRADUATED,60658
REGION I,La Union,City of San Fernando,ACP,MALE,GRADUATED,43638
REGION I,La Union,City of San Fernando,ACP,MALE,GRADUATED,72067
REGION I,La Union,Naguilian,ACP,MALE,GRADUATED,93869
REGION I,La Union,City of San Fernando,ACP,MALE,GRADUATED,39674
REGION I,La Union,City of San Fernando,ACP,MALE,GRADUATED,40854
REGION I,La Union,City of San Fernando,ACP,MALE,GRADUATED,51271
REGION I,La Union,Bacnotan,ACP,MALE,GRADUATED,78688
REGION I,La Union,City of San Fernando,ACP,MALE,GRADUATED,43518
REGION I,La Union,Sto. Tomas,ACP,MALE,GRADUATED,15267
REGION I,La Union,Bacnotan,ACP,MALE,GRADUATED,95825
REGION I,La Union,City of San Fernando,ACP,MALE,GRADUATED,6062
REGION I,La Union,Luna,ACP,MALE,GRADUATED,55448
REGION I,La Union,City of San Fernando,ACP,FEMALE,GRADUATED,11229
REGION I,La Union,City of San Fernando,ACP,MALE,GRADUATED,61793
REGION I,La Union,Luna,ACP,MALE,GRADUATED,52915
REGION I,La Union,City of San Fernando,ACP,FEMALE,GRADUATED,9632
REGION I,La Union,City of San Fernando,ACP,MALE,GRADUATED,8596
REGION I,La Union,Bauang,ACP,MALE,GRADUATED,11168
REGION I,La Union,Bauang,ACP,MALE,GRADUATED,12561
REGION I,La Union,San Juan,ACP,MALE,GRADUATED,78794
REGION I,La Union,Naguilian,ACP,MALE,GRADUATED,87152
REGION I,La Union,City of San Fernando,ACP,MALE,GRADUATED,31734
REGION I,La Union,City of San Fernando,ACP,MALE,GRADUATED,11371
REGION I,Pangasinan,Binalonan,ACP,MALE,GRADUATED,31069
REGION I,La Union,City of San Fernando,ACP,MALE,GRADUATED,84905
REGION I,La Union,Bacnotan,ACP,FEMALE,GRADUATED,17910
REGION I,La Union,San Juan,ACP,MALE,GRADUATED,78479
REGION I,La Union,San Juan,ACP,MALE,GRADUATED,82735
REGION I,La Union,San Juan,ACP,MALE,GRADUATED,86264
REGION I,La Union,San Juan,ACP,MALE,GRADUATED,28275
REGION I,La Union,San Juan,ACP,MALE,GRADUATED,77274
REGION I,La Union,San Juan,ACP,MALE,GRADUATED,86449
REGION I,La Union,Balaoan,ACP,MALE,GRADUATED,65004
REGION I,La Union,Bauang,ACP,MALE,GRADUATED,67981
REGION I,La Union,Balaoan,ACP,MALE,GRADUATED,89659
REGION I,La Union,City of San Fernando,ACP,MALE,GRADUATED,59553
REGION I,La Union,Bangar,ACP,MALE,GRADUATED,53447
REGION I,La Union,City of San Fernando,ACP,MALE,GRADUATED,39529
REGION I,La Union,City of San Fernando,ACP,MALE,GRADUATED,80703
REGION I,La Union,Naguilian,ACP,MALE,DIED,81090
REGION I,La Union,San Gabriel,ACP,MALE,GRADUATED,22260
REGION I,La Union,Bangar,ACP,MALE,GRADUATED,8812
REGION I,LA UNION,NAGUILIAN,ACP,MALE,NON COMPLIANT,33024
REGION I,LA UNION,BALAOAN,ACP,MALE,ON-GOING,63656
REGION I,LA UNION,BAUANG,ACP,MALE,GRADUATED,32285
REGION I,LA UNION,ARINGAY,ACP,MALE,GRADUATED,97436
REGION I,LA UNION,City of San Fernando,ACP,FEMALE,GRADUATED,6605
REGION I,PANGASINAN,VILLASIS,ACP,MALE,GRADUATED,76158
REGION I,ILOCOS SUR,SANTIAGO,ACP,MALE,TRANSFERRED,77303
REGION I,LA UNION,BAUANG,ACP,MALE,GRADUATED,32139
REGION I,LA UNION,BAUANG,ACP,MALE,ON-GOING,82149
REGION I,LA UNION,City of San Fernando,ACP,MALE,ON-GOING,61138
REGION I,LA UNION,BAUANG,ACP,MALE,ON-GOING,81125
REGION I,LA UNION,BAUANG,ACP,MALE,ON-GOING,18918
REGION I,LA UNION,BAUANG,ACP,FEMALE,ON-GOING,90655
REGION I,LA UNION,BAUANG,ACP,MALE,ON-GOING,32446
REGION I,LA UNION,San Fernando City,ACP,MALE,ON-GOING,18046
REGION I,LA UNION,San Juan,ACP,MALE,ON-GOING,29818
REGION I,LA UNION,CITY OF SAN FERNANDO,ACP,MALE,ON-GOING,9324
REGION I,LA UNION,City of San Fernando,ACP,MALE,ON-GOING,81323
REGION I,LA UNION,AGOO,ACP,MALE,ON-GOING,14111
REGION I,LA UNION,BACNOTAN,ACP,MALE,ON-GOING,43110
REGION I,LA UNION,BAUANG,ACP,MALE,ON-GOING,21389
REGION I,LA UNION,ARINGAY,ACP,MALE,ON-GOING,46427
REGION I,LA UNION,NAGUILIAN,ACP,MALE,ON-GOING,84579
REGION I,LA UNION,SAN FERNANDO CITY,ACP,MALE,ON-GOING,33746
REGION I,PANGASINAN,VILLASIS,ACP,FEMALE,ON-GOING,92886
REGION I,ILOCOS SUR,GALIMUYOD,ACP,FEMALE,ON-GOING,5117
REGION I,LA UNION,SAN FERNANDO CITY,ACP,MALE,ON-GOING,89471
REGION I,LA UNION,SAN FERNANDO CITY,ACP,FEMALE,ON-GOING,18234
REGION I,LA UNION,SAN FERNANDO CITY,ACP,FEMALE,ON-GOING,58441
REGION I,LA UNION,BALAOAN,ACP,MALE,ON-GOING,5846
REGION I,LA UNION,SANTO TOMAS,ACP,MALE,ON-GOING,15954
REGION I,LA UNION,SAN FERNANDO CITY,ACP,MALE,ON-GOING,84239
REGION I,LA UNION,SAN FERNANDO CITY,ACP,MALE,ON-GOING,51514
REGION I,LA UNION,LUNA,ACP,MALE,ON-GOING,93236
REGION I,LA UNION,SAN FERNANDO CITY,ACP,MALE,ON-GOING,11469
REGION I,LA UNION,SAN FERNANDO CITY,ACP,MALE,ON-GOING,35105
REGION I,LA UNION,CABA,ACP,MALE,ON-GOING,47101
REGION I,LA UNION,SAN FERNANDO CITY,ACP,FEMALE,ON-GOING,69323
REGION I,LA UNION,SAN FERNANDO CITY,ACP,MALE,ON-GOING,96922
REGION I,LA UNION,BAUANG,ACP,MALE,ON-GOING,63067
REGION I,PANGASINAN,DAGUPAN CITY,ACP,FEMALE,ON-GOING,54376
REGION I,LA UNION,SAN FERNANDO CITY,ACP,MALE,ON-GOING,50587
REGION I,LA UNION,SAN FERNANDO CITY,ACP,MALE,ON-GOING,41976
REGION I,LA UNION,SANTO TOMAS,ACP,MALE,ON-GOING,72584
REGION I,LA UNION,AGOO,ACP,MALE,ON-GOING,83477
REGION I,PANGASINAN,DAGUPAN CITY,ACP,FEMALE,ON-GOING,47533
REGION I,LA UNION,SAN FERNANDO CITY,ACP,FEMALE,ON-GOING,6828
REGION I,LA UNION,CABA,ACP,MALE,ON-GOING,6917
REGION I,LA UNION,SAN GABRIEL,ACP,MALE,ON-GOING,25618
REGION I,LA UNION,SAN FERNANDO CITY,ACP,MALE,ON-GOING,37254
REGION I,LA UNION,BAUANG,ACP,MALE,DIED,52362
REGION I,LA UNION,SAN GABRIEL,ACP,MALE,ON-GOING,25128
REGION I,LA UNION,AGOO,ACP,MALE,ON-GOING,64383
REGION I,LA UNION,SAN FERNANDO CITY,ACP,MALE,ON-GOING,70545
REGION I,LA UNION,SAN FERNANDO CITY,ACP,MALE,ON-GOING,87180
REGION I,LA UNION,SAN FERNANDO CITY,ACP,MALE,ON-GOING,92958
REGION I,LA UNION,BALAOAN,ACP,MALE,ON-GOING,14865
REGION I,ILOCOS SUR,SANTA CRUZ,ACP,MALE,ON-GOING,7219
REGION I,ILOCOS SUR,SANTA LUCIA,ACP,MALE,ON-GOING,44809
REGION I,LA UNION,BALAOAN,ACP,MALE,ON-GOING,10287
REGION I,LA UNION,SAN JUAN,ACP,MALE,ON-GOING,39387
REGION I,LA UNION,SAN GABRIEL,ACP,MALE,ON-GOING,13512
REGION I,PANGASINAN,BINALONAN,ACP,FEMALE,ON-GOING,6342
REGION I,LA UNION,BAUANG,ACP,MALE,ON-GOING,68076
REGION I,LA UNION,SANTO TOMAS,ACP,FEMALE,ON-GOING,24216
REGION I,LA UNION,AGOO,ACP,MALE,ON-GOING,98070
REGION I,LA UNION,SAN FERNANDO CITY,ACP,MALE,ON-GOING,84767
REGION I,LA UNION,BAUANG,ACP,MALE,ON-GOING,31614
REGION I,ILOCOS SUR,SANTA CRUZ,ACP,MALE,ON-GOING,41258
REGION I,LA UNION,CABA,ACP,MALE,ON-GOING,98789
REGION I,LA UNION,SAN FERNANDO CITY,ACP,MALE,ON-GOING,47078
REGION I,ILOCOS SUR,SANTA CRUZ,ACP,MALE,ON-GOING,88524
REGION I,LA UNION,BAUANG,ACP,FEMALE,ON-GOING,17219
REGION I,LA UNION,BAUANG,ACP,MALE,ON-GOING,5235
REGION I,ILOCOS SUR,SANTA CRUZ,ACP,MALE,ON-GOING,47929
REGION I,LA UNION,BAUANG,ACP,MALE,ON-GOING,72444
REGION I,LA UNION,SAN FERNANDO CITY,ACP,MALE,ON-GOING,13567
REGION I,LA UNION,SAN FERNANDO CITY,ACP,MALE,ON-GOING,75792
REGION I,LA UNION,NAGUILIAN,ACP,MALE,ON-GOING,70441
REGION I,LA UNION,BAUANG,ACP,MALE,ON-GOING,89555
REGION I,LA UNION,BAUANG,ACP,MALE,ON-GOING,78698
REGION I,ILOCOS SUR,SALCEDO,ACP,MALE,ON-GOING,10415
REGION I,LA UNION,SAN FERNANDO CITY,ACP,MALE,ON-GOING,41159
REGION I,PANGASINAN,CITY OF URDANETA,ACP,FEMALE,ON-GOING,48925
REGION I,LA UNION,SANTO TOMAS,ACP,MALE,ON-GOING,10951
REGION I,LA UNION,SAN FERNANDO CITY,ACP,MALE,ON-GOING,92388
REGION I,LA UNION,BACNOTAN,ACP,MALE,ON-GOING,13007
REGION I,PANGASINAN,BAUTISTA,ACP,MALE,ON-GOING,46832
REGION I,LA UNION,BAUANG,ACP,FEMALE,ON-GOING,63596
REGION I,LA UNION,SAN FERNANDO CITY,ACP,MALE,ON-GOING,35523
REGION I,LA UNION,CITY OF SAN FERNANDO,MEDDETOX,MALE,-,93861
REGION I,LA UNION,SAN JUAN,MEDDETOX,MALE,-,91740
REGION I,LA UNION,SAN FERNANDO CITY,MEDDETOX,MALE,-,20524
REGION I,LA UNION,SAN FERNANDO CITY,MEDDETOX,MALE,-,24282
REGION I,PANGASINAN,LINGAYEN,MEDDETOX,FEMALE,-,28930
REGION I,LA UNION,SAN FERNANDO CITY,MEDDETOX,MALE,-,5077
REGION I,LA UNION,BACNOTAN,MEDDETOX,MALE,-,25611
REGION I,LA UNION,SAN FERNANDO CITY,MEDDETOX,FEMALE,-,21984
REGION I,LA UNION,SAN FERNANDO CITY,MEDDETOX,MALE,-,19060
REGION I,ILOCOS SUR,STO. DOMINGO,MEDDETOX,MALE,-,87985
REGION I,LA UNION,SAN FERNANDO CITY,MEDDETOX,MALE,-,89056
REGION I,LA UNION,CITY OF SAN FERNANDO,MEDDETOX,MALE,-,48303
REGION I,LA UNION,CITY OF SAN FERNANDO,MEDDETOX,MALE,-,64207
REGION I,ILOCOS NORTE,ILOCOS NORTE,MEDDETOX,MALE,-,80046
REGION I,PANGASINAN,PANGASINAN,MEDDETOX,FEMALE,-,34287
REGION I,PANGASINAN,SAN FABIAN,MEDDETOX,MALE,-,98709
REGION I,PANGASINAN,SAN FABIAN,MEDDETOX,MALE,-,44711
REGION I,PANGASINAN,SAN FABIAN,MEDDETOX,MALE,-,16954
REGION I,PANGASINAN,SAN FABIAN,MEDDETOX,MALE,-,78340
REGION I,LA UNION,SAN GABRIEL,MEDDETOX,MALE,-,77101
REGION I,PANGASINAN,SAN FABIAN,MEDDETOX,MALE,-,76520
REGION I,LA UNION,ROSARIO,MEDDETOX,MALE,-,92062
REGION I,LA UNION,SANTO TOMAS,MEDDETOX,MALE,-,23574
REGION I,ILOCOS SUR,,MEDDETOX,MALE,-,14184
REGION I,LA UNION,SAN FERNANDO CITY,MEDDETOX,MALE,-,24096
REGION I,LA UNION,BAUANG,MEDDETOX,MALE,-,72728
REGION I,LA UNION,SAN GABRIEL,MEDDETOX,MALE,-,39016
REGION I,LA UNION,BALAOAN,MEDDETOX,MALE,-,16246
REGION I,LA UNION,SAN GABRIEL,MEDDETOX,MALE,-,50558
REGION I,LA UNION,AGOO,MEDDETOX,MALE,-,23381
REGION I,PANGASINAN,BINALONAN,MEDDETOX,MALE,-,41455
REGION I,ILOCOS SUR,CITY OF CANDON,MEDDETOX,FEMALE,-,97263
REGION I,LA UNION,BAUANG,MEDDETOX,MALE,-,9018
REGION I,PANGASINAN,AGNO,MEDDETOX,FEMALE,-,16302
REGION I,LA UNION,SAN FERNANDO CITY,MEDDETOX,MALE,-,72506
REGION I,LA UNION,SAN JUAN,MEDDETOX,MALE,-,46157
REGION I,ILOCOS SUR,SANTO DOMINGO,MEDDETOX,MALE,-,59917
REGION I,LA UNION,SANTO TOMAS,MEDDETOX,FEMALE,-,97738
REGION I,LA UNION,SAN FERNANDO CITY,MEDDETOX,MALE,-,88122
REGION I,ILOCOS SUR,SANTA CRUZ,MEDDETOX,MALE,-,29519
REGION I,LA UNION,BALAOAN,MEDDETOX,MALE,-,92487
REGION I,ILOCOS SUR,SANTA CRUZ,MEDDETOX,MALE,-,61819
REGION I,LA UNION,NAGUILIAN,MEDDETOX,MALE,-,85910
REGION I,LA UNION,SAN FERNANDO CITY,MEDDETOX,MALE,-,76324
REGION I,LA UNION,SAN FERNANDO CITY,MEDDETOX,MALE,-,10408
REGION I,LA UNION,NAGUILIAN,MEDDETOX,MALE,-,64379
REGION I,LA UNION,SAN FERNANDO CITY,MEDDETOX,MALE,-,30053
REGION I,LA UNION,SAN FERNANDO CITY,MEDDETOX,MALE,-,14446
REGION I,PANGASINAN,DAGUPAN CITY,MEDDETOX,FEMALE,-,5922
REGION I,LA UNION,SAN FERNANDO CITY,MEDDETOX,MALE,-,56356
REGION I,LA UNION,SAN FERNANDO CITY,MEDDETOX,MALE,-,15789
REGION I,ILOCOS SUR,CAOAYAN,MEDDETOX,FEMALE,-,71656
REGION I,LA UNION,ARINGAY,MEDDETOX,MALE,-,49028
REGION I,LA UNION,SAN FERNANDO CITY,MEDDETOX,MALE,-,69484
REGION I,LA UNION,SAN GABRIEL,MEDDETOX,MALE,-,37154
REGION I,LA UNION,"BACNOTAN,",MEDDETOX,MALE,-,87870
REGION I,LA UNION,BAUANG,MEDDETOX,MALE,-,7336
REGION I,ILOCOS SUR,SALCEDO (BAUGEN),MEDDETOX,MALE,-,72779
REGION I,LA UNION,ARINGAY,MEDDETOX,MALE,-,24029
REGION I,LA UNION,BAUANG,MEDDETOX,MALE,-,64201
REGION I,LA UNION,CABA,MEDDETOX,MALE,-,37265
REGION I,LA UNION,BACNOTAN,MEDDETOX,MALE,-,48872
REGION I,PANGASINAN,SUAL,MEDDETOX,FEMALE,-,51197
REGION I,LA UNION,BANGAR,MEDDETOX,MALE,-,60180
REGION I,LA UNION,BANGAR,MEDDETOX,MALE,-,28710
REGION I,LA UNION,BANGAR,MEDDETOX,MALE,-,34486
REGION I,LA UNION,BANGAR,MEDDETOX,MALE,-,76907
REGION I,LA UNION,BANGAR,MEDDETOX,MALE,-,76895
REGION I,LA UNION,BANGAR,MEDDETOX,MALE,-,69435
REGION I,LA UNION,BANGAR,MEDDETOX,MALE,-,45631
REGION I,LA UNION,SAN FERNANDO CITY,MEDDETOX,MALE,-,25103
REGION I,LA UNION,BAUANG,MEDDETOX,MALE,-,69772
REGION I,LA UNION,SAN FERNANDO CITY,MEDDETOX,MALE,-,19382
REGION I,LA UNION,SAN FERNANDO CITY,MEDDETOX,MALE,-,89291
REGION I,LA UNION,ARINGAY,MEDDETOX,MALE,-,8756
REGION I,ILOCOS SUR,BANAYOYO,MEDDETOX,MALE,-,25609
REGION I,LA UNION,BAUANG,MEDDETOX,MALE,-,21478
REGION I,LA UNION,LUNA,MEDDETOX,MALE,-,44666
REGION I,LA UNION,SAN FERNANDO CITY,MEDDETOX,MALE,-,80683
REGION I,LA UNION,SAN FERNANDO CITY,MEDDETOX,MALE,-,76315
REGION I,LA UNION,LUNA,MEDDETOX,MALE,-,82834
REGION I,LA UNION,SAN FERNANDO CITY,MEDDETOX,MALE,-,19153
REGION I,LA UNION,SAN JUAN,MEDDETOX,MALE,-,81325
REGION I,LA UNION,SAN FERNANDO CITY,MEDDETOX,MALE,-,17999
REGION I,PANGASINAN,CALASIAO,MEDDETOX,FEMALE,-,60318
REGION I,LA UNION,CITY OF SAN FERNANDO,ABI,MALE,-,5814
REGION I,LA UNION,SAN JUAN,ABI,MALE,-,81077
REGION I,LA UNION,SAN FERNANDO CITY,ABI,MALE,-,95474
REGION I,LA UNION,SAN FERNANDO CITY,ABI,MALE,-,7443
REGION I,LA UNION,SAN FERNANDO CITY,ABI,FEMALE,-,80993
REGION I,ILOCOS SUR,STO. DOMINGO,ABI,MALE,-,80916
REGION I,LA UNION,CITY OF SAN FERNANDO,ABI,MALE,-,78319
REGION I,ILOCOS NORTE,BACARRA,ABI,MALE,-,22368
REGION I,LA UNION,SANTO TOMAS,ABI,MALE,-,20328
REGION I,LA UNION,SAN FERNANDO CITY,ABI,MALE,-,61942
REGION I,LA UNION,BAUANG,ABI,MALE,-,96751
REGION I,LA UNION,SAN GABRIEL,ABI,MALE,-,32306
REGION I,LA UNION,AGOO,ABI,MALE,-,90451
REGION I,LA UNION,SAN FERNANDO CITY,ABI,MALE,-,44915
REGION I,LA UNION,SAN JUAN,ABI,MALE,-,42219
REGION I,LA UNION,BACNOTAN,ABI,MALE,-,85879
REGION I,LA UNION,SAN FERNANDO CITY,ABI,MALE,-,69644
REGION I,LA UNION,SAN FERNANDO CITY,ABI,MALE,-,65279
REGION I,LA UNION,NAGUILIAN,ABI,MALE,-,58028
REGION I,LA UNION,SAN JUAN,ABI,MALE,-,5126
REGION I,ILOCOS SUR,CAOAYAN,ABI,FEMALE,-,57329
REGION I,LA UNION,ARINGAY,ABI,MALE,-,32632
REGION I,LA UNION,SAN FERNANDO CITY,ABI,MALE,-,70310
REGION I,ILOCOS SUR,SALCEDO (BAUGEN),ABI,MALE,-,60176
REGION I,LA UNION,BACNOTAN,ABI,MALE,-,91066
REGION I,LA UNION,BACNOTAN,ABI,MALE,-,49327
REGION I,LA UNION,BACNOTAN,ABI,MALE,-,73904
REGION I,ILOCOS SUR,SANTO DOMINGO,ABI,MALE,-,8797
REGION I,PANGASINAN,SAN FABIAN,ABI,FEMALE,-,52882
REGION I,PANGASINAN,SAN FABIAN,ABI,FEMALE,-,18718
REGION I,PANGASINAN,SAN FABIAN,ABI,FEMALE,-,39560
REGION I,LA UNION,LUNA,ABI,MALE,-,81589
REGION I,LA UNION,SAN FERNANDO CITY,ABI,MALE,-,27116
REGION I,ILOCOS SUR,,ABI,MALE,-,41244
REGION I,PANGASINAN,SAN FABIAN,ABI,FEMALE,-,6645
REGION I,LA UNION,BAUANG,ABI,MALE,-,52523
REGION I,LA UNION,BAUANG,ABI,MALE,-,24256
REGION I,ILOCOS SUR,LIDLIDDA,ABI,MALE,-,58173
REGION II,ISABELA,ROXAS,DDE,MALE,-,42430
REGION II,CAGAYAN,CLAVERIA,OPD,MALE,GRADUATED,44282
REGION II,ISABELA,CITY OF SANTIAGO,RES,FEMALE,GRADUATED,68374
REGION II,ISABELA,CITY OF SANTIAGO,RES,FEMALE,GRADUATED,73244
REGION II,Cavite,General Mariano Alvarez,ACP,MALE,GRADUATED,16694
REGION II,ISABELA,CITY OF SANTIAGO,ACP,FEMALE,ON-GOING,61264
REGION II,ISABELA,CITY OF SANTIAGO,ACP,FEMALE,ON-GOING,80060
REGION II,ISABELA,AURORA,MEDDETOX,MALE,-,62545
REGION II,ISABELA,AURORA,ABI,MALE,-,44224
REGION III,TARLAC,CITY OF TARLAC,DDE,MALE,-,18224
REGION III,PAMPANGA,MASANTOL,DDE,MALE,-,45738
REGION III,BULACAN,SAN JOSE DELMONTE,DDE,FEMALE,-,30150
REGION III,ZAMBALES,SUBIC,RES,FEMALE,TRANSFERRED,68731
REGION III,BULACAN,DEL MONTE,RES,FEMALE,ONGOING,54688
REGION IV-A,RIZAL,TATAY,DDE,FEMALE,-,78509
REGION IV-A,RIZAL,TATAY,OPD,FEMALE,ON-GOING,13577
REGION IV-A,CAVITE CITY,IMUS,RES,MALE,GRADUATED,13070
REGION IV-A,CAVITE,CAVITE CITY,ACP,MALE,ON-GOING,13666
